filename,tempo,mean_amplitude,median_amplitude,std_amplitude,skewness_amplitude,kurtosis_amplitude,zcr,energy,spectral_centroids,mfccs,rms,chroma_stft,beat_times,beat_strengths
FF7 OST-OverworldMain Theme.mp3,[86.1328125],4.2899669e-07,0.00022160809,0.09104104,-0.060213186,4.0390472,702174,0.00828847,1561.9297481575215,"[-193.65349     136.14745     -29.883492     17.227089     -9.301188
    2.8889492    -7.593605     -0.45729434   -6.1239924    -2.0951002
   -6.8359694    -1.741224     -6.1458664 ]",0.07772885,"[0.2512197  0.2398666  0.25285888 0.2972529  0.42006934 0.2368612
 0.3074579  0.32382348 0.31315938 0.2575867  0.19422941 0.37134   ]","[  1.09133787   1.81115646   2.5077551    3.20435374   3.94739229
   4.71365079   5.43346939   6.13006803   6.82666667   7.50004535
   8.19664399   8.82358277   9.42730159  10.10068027  10.79727891
  11.4706576   12.16725624  12.86385488  13.56045351  14.25705215
  14.93043084  15.62702948  16.34684807  17.04344671  17.74004535
  18.41342404  19.15646259  19.85306122  20.54965986  21.19981859
  21.89641723  22.56979592  23.21995465  23.87011338  24.54349206
  25.26331066  25.98312925  26.7261678   27.44598639  28.09614512
  28.76952381  29.4893424   30.18594104  30.88253968  31.60235828
  32.32217687  33.01877551  33.71537415  34.38875283  35.06213152
  35.75873016  36.4553288   37.17514739  37.89496599  38.54512472
  39.2185034   39.86866213  40.54204082  41.23863946  41.95845805
  42.7014966   43.37487528  44.04825397  44.72163265  45.37179138
  46.04517007  46.6953288   47.39192744  48.08852608  48.80834467
  49.50494331  50.20154195  50.89814059  51.57151927  52.29133787
  53.01115646  53.66131519  54.35791383  55.07773243  55.79755102
  56.49414966  57.1907483   57.84090703  58.51428571  59.1876644
  59.86104308  60.58086168  61.27746032  61.92761905  62.64743764
  63.34403628  64.04063492  64.76045351  65.45705215  66.15365079
  66.85024943  67.57006803  68.24344671  68.9168254   69.61342404
  70.31002268  70.98340136  71.68        72.37659864  73.04997732
  73.70013605  74.37351474  75.09333333  75.78993197  76.50975057
  77.20634921  77.90294785  78.59954649  79.34258503  80.03918367
  80.73578231  81.45560091  82.10575964  82.77913832  83.49895692
  84.14911565  84.84571429  85.54231293  86.23891156  86.9355102
  87.6553288   88.37514739  89.07174603  89.76834467  90.44172336
  91.09188209  91.76526077  92.43863946  93.1352381   93.83183673
  94.52843537  95.22503401  95.92163265  96.61823129  97.31482993
  97.98820862  98.59192744  99.26530612  99.98512472 100.72816327
 101.47120181 102.16780045 102.84117914 103.53777778 104.23437642
 104.93097506 105.6275737  106.32417234 106.99755102 107.69414966
 108.3907483  109.08734694 109.78394558 110.48054422 111.13070295
 111.80408163 112.47746032 113.22049887 113.89387755 114.56725624
 115.31029478 115.98367347 116.68027211 117.37687075 118.07346939
 118.77006803 119.48988662 120.20970522 120.90630385 121.57968254
 122.22984127 122.92643991 123.62303855 124.31963719 125.01623583
 125.71283447 126.43265306 127.15247166 127.80263039 128.47600907
 129.14938776 129.84598639 130.54258503 131.23918367 131.95900227
 132.63238095 133.32897959 134.02557823 134.72217687 135.41877551
 136.11537415 136.81197279 137.48535147 138.18195011 138.8553288
 139.55192744 140.24852608 140.94512472 141.64172336 142.338322
 143.03492063 143.73151927 144.40489796 145.1014966  145.79809524
 146.51791383 147.19129252 147.88789116 148.60770975 149.28108844
 149.95446712 150.65106576 151.3476644  152.04426304 152.76408163
 153.46068027 154.18049887 154.8306576  155.50403628 156.20063492
 156.89723356 157.5938322  158.29043084 158.96380952 159.66040816
 160.3570068  161.05360544 161.75020408 162.42358277 163.12018141
 163.79356009 164.51337868 165.25641723 165.95301587 166.64961451
 167.29977324 168.04281179 168.71619048 169.36634921 170.03972789
 170.71310658 171.43292517 172.12952381 172.82612245 173.54594104
 174.19609977 174.89269841 175.61251701 176.3323356  177.00571429
 177.67909297 178.37569161 179.0955102  179.79210884 180.51192744
 181.20852608 181.92834467 182.64816327 183.36798186 184.04136054
 184.69151927 185.38811791 186.08471655 186.78131519 187.47791383
 188.15129252 188.84789116 189.45160998 190.17142857 190.89124717
 191.5414059  192.21478458 192.93460317 193.67764172 194.46712018
 195.27981859 195.97641723 196.67301587 197.36961451 198.0429932
 198.71637188 199.43619048 200.13278912 200.8061678  201.52598639
 202.22258503 202.91918367 203.59256236 204.289161   204.98575964
 205.68235828 206.35573696 207.0523356  207.74893424 208.46875283
 209.14213152 209.86195011 210.5353288  211.20870748 211.90530612
 212.60190476 213.2985034  213.99510204 214.69170068 215.41151927
 216.08489796 216.82793651 217.47809524 218.19791383 218.89451247
 219.56789116 220.2644898  220.89142857 221.63446712 222.3078458
 223.00444444 223.70104308 224.46730159 225.18712018 225.88371882
 226.64997732 227.36979592 228.08961451 228.80943311 229.5292517
 230.22585034 230.94566893 231.61904762 232.31564626 232.98902494
 233.73206349 234.45188209 235.17170068 235.86829932 236.541678
 237.33115646 238.07419501 238.79401361 239.5138322  240.23365079
 240.90702948 241.69650794 242.39310658 243.11292517 243.80952381
 244.50612245 245.249161   245.96897959 246.7352381  247.45505669
 248.15165533 248.82503401 249.42875283 250.10213152 250.79873016
 251.4953288  252.19192744 252.88852608 253.58512472 254.28172336
 254.93188209 255.55882086 256.41795918 257.25387755 258.08979592
 258.92571429 259.78485261 260.62077098 261.45668934 262.29260771
 263.15174603 263.9876644  264.82358277 265.65950113 266.30965986
 266.93659864 267.60997732 268.28335601 269.04961451 269.67655329
 270.30349206 270.95365079 271.62702948 272.39328798 273.06666667
 273.69360544 274.32054422 274.9939229  275.78340136 276.61931973
 277.4552381  278.31437642 279.15029478 279.98621315 280.82213152
 281.68126984 282.51718821 283.37632653 284.2122449  285.04816327
 285.90730159 286.74321995 287.55591837 288.41505669 289.2277551
 290.08689342 290.92281179 291.64263039 292.38566893 293.12870748
 293.84852608 294.56834467 295.31138322 295.9847619  296.63492063
 297.30829932 297.981678   298.65505669 299.35165533 300.02503401
 300.6984127  301.41823129 302.04517007 302.71854875 303.55446712
 304.39038549 305.24952381 306.08544218 306.92136054 307.75727891
 308.61641723 309.4523356  310.28825397 311.14739229 311.9600907
 312.79600907 313.4461678  314.07310658 314.76970522 315.41986395
 316.16290249 316.88272109 317.60253968 318.25269841 318.87963719
 319.52979592 320.17995465 320.87655329 321.52671202 322.22331066
 322.89668934 323.57006803 324.24344671 324.9168254  325.61342404
 326.26358277 326.98340136 327.70321995 328.35337868 329.18929705
 329.81623583 330.48961451 331.30231293 332.02213152 332.6955102
 333.36888889 334.08870748 334.83174603 335.59800454 336.36426304
 336.99120181 337.64136054 338.40761905 339.12743764 339.80081633
 340.49741497 341.17079365 341.79773243 342.4246712  343.07482993
 343.77142857 344.46802721 345.11818594 345.76834467 346.44172336
 347.11510204 347.83492063 348.48507937 349.15845805 349.80861678
 350.45877551 351.06249433 351.71265306 352.43247166 353.1755102
 353.84888889 354.59192744 355.33496599 356.03156463 356.75138322
 357.4247619  358.1445805  358.84117914 359.53777778 360.23437642
 360.95419501 361.69723356 362.3938322  363.11365079 363.81024943
 364.53006803 365.24988662 365.94648526 366.66630385]","[3.48141670e-01 3.99196625e-01 4.11656618e-01 5.23868561e-01
 7.55507469e-01 1.82809830e-02 7.74226189e-01 1.18931770e-01
 5.27799189e-01 4.83579159e-01 4.11795914e-01 8.61580849e-01
 7.28240013e-01 1.42368746e+00 5.22723943e-02 9.22212601e-01
 1.52144909e-01 2.10580635e+00 0.00000000e+00 2.95519829e-01
 1.53919220e-01 1.92954034e-01 1.11198425e-02 5.15064359e-01
 0.00000000e+00 1.37331009e-01 5.38352489e-01 1.92159653e-01
 5.34075737e-01 1.02399874e+00 0.00000000e+00 8.91603470e-01
 2.20086098e-01 7.69035816e-01 2.85336614e-01 4.74664688e-01
 6.85825348e-01 9.66640472e-01 6.91848755e-01 6.10930443e-01
 1.41211510e-01 2.44299793e+00 0.00000000e+00 9.19298172e-01
 0.00000000e+00 2.44989395e-02 2.33796120e-01 0.00000000e+00
 0.00000000e+00 1.70499802e-01 0.00000000e+00 1.57785225e+00
 4.42267656e-01 5.45222282e-01 5.27542114e-01 1.46108818e+00
 5.36627769e-01 0.00000000e+00 2.39122391e-01 7.41230965e-01
 6.53225660e-01 3.14212263e-01 4.28009033e-01 9.68544960e-01
 2.01191902e-01 5.54691792e-01 5.17724872e-01 1.57654762e-01
 6.59368038e-02 2.58182377e-01 0.00000000e+00 0.00000000e+00
 1.59748650e+00 2.64482498e-01 8.79021645e-01 4.49252129e-01
 7.08507061e-01 4.82496738e-01 3.08698654e-01 1.29393578e-01
 0.00000000e+00 3.37659836e-01 5.06835938e-01 0.00000000e+00
 4.19215202e-01 2.01143742e-01 3.97374153e-01 0.00000000e+00
 9.06545639e-01 4.06090021e-01 0.00000000e+00 9.42846060e-01
 4.14522171e-01 1.60436749e-01 1.41252518e-01 1.68597460e-01
 9.05425549e-01 0.00000000e+00 9.41238403e-01 2.49779701e-01
 6.67048216e-01 1.92274630e-01 8.52748275e-01 2.46221066e-01
 3.49914551e-01 9.12809372e-02 1.07612610e-01 5.50501585e-01
 6.48519516e-01 3.13247681e-01 5.44699192e-01 5.61128974e-01
 3.18186581e-01 7.73696899e-01 0.00000000e+00 6.75225258e-01
 4.74588633e-01 1.33606911e-01 1.13160133e-01 0.00000000e+00
 2.55732918e+00 3.97176266e-01 1.08317184e+00 6.50567293e-01
 5.97627163e-01 0.00000000e+00 3.84020805e-01 3.83333206e-01
 1.67687654e-01 8.58745217e-01 8.26001644e-01 1.50609922e+00
 1.66392136e+00 2.93302536e-01 2.55949378e-01 5.65551758e-01
 2.79600620e-02 5.69552600e-01 9.96280670e-01 1.18142700e+00
 4.65933323e-01 7.02406049e-01 0.00000000e+00 9.36599731e-01
 2.41268158e-01 6.94167137e-01 1.09724045e+00 1.24695396e+00
 1.20538902e+00 0.00000000e+00 4.02708530e-01 7.17068672e-01
 6.52171135e-01 4.18828964e-01 5.81178188e-01 3.60287428e-01
 8.82050514e-01 2.80337572e-01 7.39493370e-01 3.34342957e-01
 6.60167813e-01 4.37137604e-01 6.24301434e-01 0.00000000e+00
 2.35825777e-01 1.47895908e+00 1.17888045e+00 2.65177178e+00
 3.21501732e+00 2.75123501e+00 2.50676012e+00 6.46175385e-01
 6.53442383e-01 5.40746689e-01 3.74776840e-01 3.16464710e+00
 4.00405931e+00 2.07221866e+00 3.83300781e-01 1.04948139e+00
 5.75613499e-01 1.42005682e-01 3.48203659e-01 2.97660351e-01
 1.41692162e+00 1.53169966e+00 2.04554653e+00 0.00000000e+00
 2.16793537e-01 3.71024013e-01 2.91461372e+00 2.75911522e+00
 1.66317093e+00 5.61319351e-01 6.51142120e-01 1.32379103e+00
 1.03630733e+00 3.52035522e-01 4.46328640e-01 2.52551270e+00
 2.80685234e+00 3.12579823e+00 2.08358812e+00 7.78240263e-01
 1.69276237e-01 3.45352650e-01 8.90896082e-01 2.69779968e+00
 3.12440968e+00 2.58509398e+00 1.55336213e+00 1.98452353e+00
 1.09872818e+00 3.20268631e-01 8.15036774e-01 1.02908850e+00
 2.69583797e+00 1.45433378e+00 1.43681479e+00 6.01781964e-01
 5.76829910e-02 2.92673588e-01 2.61892319e-01 1.07334304e+00
 2.82784748e+00 9.91741180e-01 1.49091911e+00 7.77914524e-02
 4.67138290e-01 0.00000000e+00 1.14636707e+00 7.17946649e-01
 4.49799538e+00 7.99479485e-02 3.09159279e-01 9.94785309e-01
 5.23530483e-01 5.63830137e-01 7.06692934e-01 4.58067358e-01
 6.21307373e-01 6.19174004e-01 4.00110245e-01 4.15458679e-01
 0.00000000e+00 7.58591652e-01 1.07739139e+00 1.64555788e+00
 1.96931350e+00 6.84692144e-01 3.94427299e-01 2.53726363e-01
 1.00231457e+00 1.01138568e+00 9.92309570e-01 9.24795926e-01
 1.03870130e+00 5.40293157e-01 5.66135406e-01 3.64346027e-01
 4.87863362e-01 2.17628241e-01 5.69581985e-03 4.16322470e-01
 6.24847889e-01 3.63353968e-01 2.29696274e-01 7.52037168e-01
 4.56824780e-01 6.16532981e-01 5.78069448e-01 7.60376930e-01
 1.77478552e+00 4.51310635e-01 2.11088419e-01 5.84843159e-02
 1.14628482e+00 1.42961156e+00 1.98862672e+00 1.78415251e+00
 6.93930960e+00 3.23009491e-03 2.45995140e+00 2.35917401e+00
 2.48185062e+00 3.83060455e-01 2.24425483e+00 6.78060055e-01
 1.45815897e+00 9.80964899e-01 7.99228132e-01 9.75063205e-01
 3.26861882e+00 3.50621033e+00 2.82810020e+00 1.82668972e+00
 4.89570618e+00 1.88217163e-02 8.87969494e-01 7.68192291e-01
 1.69447219e+00 4.15197670e-01 1.21240377e+00 1.47518802e+00
 9.38437462e-01 8.53670001e-01 6.28760338e-01 9.09727931e-01
 2.65302849e+00 1.06063843e-01 2.24466181e+00 4.00886536e-01
 5.53611279e-01 0.00000000e+00 6.19523525e-02 5.56245804e-01
 1.85285366e+00 6.18206620e-01 8.28683376e-01 3.17148209e-01
 1.52230263e+00 7.98411608e-01 5.75930834e-01 5.15097320e-01
 2.44988441e-01 2.76325345e-01 0.00000000e+00 3.74613762e-01
 5.15456676e-01 2.24963665e-01 1.17883205e+00 7.27998734e-01
 1.85022545e+00 4.19536972e+00 4.73644018e-01 3.01811695e-01
 1.57463169e+00 5.19999981e-01 0.00000000e+00 2.17243147e+00
 1.19516325e+00 4.82465267e-01 0.00000000e+00 0.00000000e+00
 5.55917740e+00 6.18058205e-01 1.99711323e+00 2.90628433e-01
 2.14239216e+00 5.54500580e+00 5.03608346e-01 5.41029453e-01
 8.34940195e-01 2.48491287e-01 8.75638962e-01 0.00000000e+00
 1.92760563e+00 5.33354759e-01 1.20061445e+00 2.68456936e-01
 5.17350197e-01 2.69281387e-01 0.00000000e+00 5.32103539e-01
 7.91791916e-01 0.00000000e+00 9.95331192e+00 3.16751146e+00
 4.81277037e+00 4.48166466e+00 5.64942455e+00 2.92937160e+00
 5.68701553e+00 3.82215023e+00 5.48461151e+00 3.63570976e+00
 5.17676163e+00 3.43285751e+00 5.97304726e+00 2.89089203e-01
 7.85396576e-01 4.37276840e-01 6.50068760e-01 2.99042606e+00
 8.06674480e-01 5.66413879e-01 0.00000000e+00 1.59514642e+00
 1.50884056e+00 2.32745171e-01 3.72051567e-01 2.11329937e-01
 1.73277664e+00 4.75286102e+00 5.78883934e+00 6.68397951e+00
 5.80654430e+00 5.71377134e+00 2.77626348e+00 1.65949059e+00
 1.77559924e+00 2.77261162e+00 2.15065336e+00 1.40016150e+00
 1.15471029e+00 1.91390514e+00 1.72832632e+00 2.29153156e+00
 2.68321776e+00 2.97180080e+00 1.28942418e+00 4.04905605e+00
 5.56926310e-01 0.00000000e+00 3.18462908e-01 3.29506874e-01
 2.18168736e-01 1.02521086e+00 2.38694406e+00 4.20659065e-01
 4.91539955e-01 0.00000000e+00 6.91797733e-01 9.01762962e-01
 0.00000000e+00 2.36034811e-01 5.15449524e-01 1.04702210e+00
 3.77554893e+00 4.77358150e+00 5.53060150e+00 1.36187506e+00
 1.76032948e+00 1.27817559e+00 2.87063646e+00 1.26200771e+00
 3.62537098e+00 1.47135258e+00 9.99824762e-01 1.68507802e+00
 4.04353714e+00 5.21835804e-01 3.19792986e-01 2.09078074e-01
 6.55179024e-01 4.51570320e+00 1.24257565e-01 4.54227924e-01
 2.55746901e-01 7.10560799e-01 4.59547091e+00 0.00000000e+00
 8.12027454e-01 3.74986649e-01 3.64546776e-01 3.08893871e+00
 5.48591614e-02 5.46968937e-01 1.83017254e-01 3.91133070e-01
 3.35591412e+00 5.76888561e-01 4.98181880e-01 1.13810682e+00
 1.78144956e+00 7.16112852e-01 2.09215832e+00 1.27153456e+00
 5.92617035e-01 4.75234270e-01 5.80801010e-01 1.19879723e-01
 0.00000000e+00 3.58726978e-01 3.34152603e+00 3.11629295e-01
 1.61348438e+00 0.00000000e+00 4.71585751e-01 6.99720144e-01
 1.01148283e+00 4.29655969e-01 4.13830280e-01 0.00000000e+00
 4.36286831e+00 0.00000000e+00 3.32931519e-01 1.25713825e-01
 0.00000000e+00 3.68747282e+00 2.19386816e-01 2.88815498e-01
 0.00000000e+00 2.78296471e-02 5.23224926e+00 1.30267620e-01
 8.28592300e-01 4.47190881e-01 5.07883549e-01 4.05389786e+00
 4.32809353e-01 1.97998047e-01 2.50946999e-01 2.16791570e-01
 4.25457358e-01 1.43147469e-01 5.06772757e-01 0.00000000e+00
 8.96453857e-05 0.00000000e+00 4.14410591e-01 2.47124732e-01
 0.00000000e+00 2.82354355e-01 1.57215834e-01 0.00000000e+00
 6.49805069e-02 0.00000000e+00 2.06033230e+00]"
Final Fantasy VII OST - Those Who FightBattle Theme.mp3,[117.45383523],-3.0939893e-05,-0.0012328343,0.13236418,0.08781237,0.99973154,410176,0.017520277,2030.2949925678638,"[-87.696625  111.75275   -23.708956   25.96853   -13.772301   10.280197
  -7.29755     3.6463294  -3.5292904   4.392731   -4.0539927   2.486733
  -4.0595875]",0.12616383,"[0.4534398  0.31962588 0.23907228 0.39750785 0.27688286 0.62295663
 0.30061862 0.3880024  0.49099436 0.30581823 0.36211073 0.2360338 ]","[  0.83591837   1.34675737   1.85759637   2.36843537   2.90249433
   3.45977324   4.04027211   4.55111111   5.06195011   5.54956916
   6.06040816   6.54802721   7.05886621   7.56970522   8.08054422
   8.56816327   9.07900227   9.58984127  10.07746032  10.58829932
  11.09913832  11.60997732  12.12081633  12.60843537  13.11927438
  13.63011338  14.2338322   14.81433107  15.32517007  15.83600907
  16.41650794  16.9970068   17.5078458   18.01868481  18.50630385
  19.01714286  19.5047619   20.01560091  20.52643991  21.01405896
  21.52489796  22.03573696  22.54657596  23.05741497  23.54503401
  24.05587302  24.56671202  25.07755102  25.58839002  26.07600907
  26.58684807  27.07446712  27.53886621  27.98004535  28.44444444
  28.93206349  29.44290249  29.9537415   30.4645805   30.9754195
  31.4862585   31.99709751  32.48471655  32.9723356   33.4831746
  33.99401361  34.48163265  34.99247166  35.4800907   36.01414966
  36.50176871  37.01260771  37.52344671  38.03428571  38.52190476
  39.00952381  39.52036281  40.1937415   40.7045805   41.2154195
  41.7262585   42.21387755  42.72471655  43.25877551  43.83927438
  44.39655329  44.90739229  45.41823129  45.92907029  46.4399093
  46.9507483   47.4615873   47.94920635  48.46004535  48.97088435
  49.4585034   49.9693424   50.48018141  50.96780045  51.47863946
  51.98947846  52.50031746  53.01115646  53.52199546  54.03283447
  54.52045351  55.00807256  55.51891156  56.02975057  56.54058957
  57.05142857  57.53904762  58.04988662  58.56072562  59.04834467
  59.58240363  60.09324263  60.65052154  61.23102041  61.76507937
  62.27591837  62.78675737  63.29759637  63.78521542  64.27283447
  64.78367347  65.29451247  65.80535147  66.31619048  66.80380952
  67.31464853  67.82548753  68.31310658  68.82394558  69.31156463
  69.82240363  70.35646259  70.86730159  71.35492063  71.84253968
  72.35337868  72.88743764  73.44471655  74.02521542  74.53605442
  75.07011338  75.60417234  76.23111111  76.71873016  77.22956916
  77.76362812  78.29768707  78.85496599  79.4122449   79.9230839
  80.4339229   81.01442177  81.61814059  82.12897959  82.61659864
  83.12743764  83.63827664  84.24199546  84.82249433  85.33333333
  85.84417234  86.35501134  86.9355102   87.51600907  88.02684807
  88.53768707  89.02530612  89.51292517  90.02376417  90.53460317
  91.02222222  91.53306122  92.04390023  92.55473923  93.06557823
  93.55319728  94.06403628  94.57487528  95.08571429  95.59655329
  96.08417234  96.59501134  97.08263039  97.54702948  98.03464853
  98.52226757  98.98666667  99.47428571  99.98512472 100.47274376
 100.98358277 101.49442177 101.98204082 102.49287982 102.98049887
 103.49133787 103.97895692 104.48979592 105.00063492 105.48825397
 106.02231293 106.50993197 107.02077098 107.53160998 108.04244898
 108.53006803 109.04090703 109.52852608 110.20190476 110.71274376
 111.22358277 111.73442177 112.22204082 112.73287982 113.26693878
 113.84743764 114.42793651 114.93877551 115.42639456 115.93723356
 116.44807256 116.95891156 117.46975057 117.95736961 118.46820862
 118.97904762 119.46666667 119.97750567 120.48834467 120.99918367
 121.51002268 122.02086168 122.53170068 123.01931973 123.53015873
 124.01777778 124.52861678 125.03945578 125.55029478 126.03791383
 126.54875283 127.05959184 127.54721088 128.05804989 128.54566893
 129.05650794 129.59056689 130.1014059  130.6122449  131.1230839
 131.61070295 132.12154195 132.609161   133.09678005 133.60761905
 134.11845805 134.62929705 135.14013605 135.6277551  136.1385941
 136.64943311 137.16027211 137.67111111 138.18195011 138.73922902
 139.29650794 139.83056689 140.3414059  140.87546485 141.45596372
 142.01324263 142.52408163 143.03492063 143.54575964 144.03337868
 144.54421769 145.07827664 145.58911565 146.16961451 146.72689342
 147.23773243 147.74857143 148.28263039 148.8399093  149.42040816
 149.93124717 150.44208617 151.02258503 151.62630385 152.13714286
 152.6247619  153.13560091 153.62321995 154.13405896 154.64489796
 155.15573696 155.66657596 156.17741497 156.68825397 157.17587302
 157.66349206 158.17433107 158.68517007 159.19600907 159.70684807
 160.21768707 160.70530612 161.21614512 161.72698413]","[2.06514416e+01 2.43543577e+00 6.42563772e+00 3.10066223e+00
 1.41122484e+00 0.00000000e+00 7.35562372e+00 6.76443672e+00
 3.85212994e+00 2.71608162e+00 1.72251225e-01 9.06351328e-01
 2.12138414e+00 1.81764102e+00 1.66817689e+00 1.16937828e+00
 1.24702835e+00 1.05198908e+00 2.69837570e+00 1.94653785e+00
 8.67788672e-01 3.81747150e+00 1.04092717e+00 3.29004908e+00
 4.21320438e+00 3.01053381e+00 4.44772124e-01 1.83956051e+00
 1.31619310e+00 1.51991677e+00 0.00000000e+00 2.50497794e+00
 1.46529984e+00 1.25588131e+00 1.27650738e+00 1.92693210e+00
 7.47506797e-01 0.00000000e+00 2.11821890e+00 4.78719902e+00
 3.87673473e+00 4.57585812e+00 2.51000214e+00 2.17134619e+00
 4.48705912e+00 9.76789236e-01 2.12888765e+00 2.42264891e+00
 3.27507019e-01 2.72483373e+00 2.39660263e+00 3.82881498e+00
 8.16905975e-01 0.00000000e+00 9.43346024e-01 4.99794960e-01
 7.65366554e-01 2.62030363e-01 2.57229090e+00 1.67783535e+00
 6.96008682e-01 8.51806402e-01 1.39897919e+00 1.27879667e+00
 5.42192936e-01 1.73190403e+00 5.38259077e+00 3.70400333e+00
 4.82395744e+00 3.25217962e+00 2.85967612e+00 4.01236820e+00
 8.19750786e-01 2.51104736e+00 8.79148483e-01 5.35164928e+00
 8.12231255e+00 6.01952410e+00 4.23185730e+00 3.51846123e+00
 4.44074154e+00 3.00883913e+00 2.59199524e+00 1.88820863e+00
 2.48180389e-01 1.35906267e+00 7.92674065e-01 2.67949200e+00
 3.22622108e+00 8.57698917e-01 2.50128746e-01 6.35505676e-01
 1.61644042e+00 1.16639376e+00 9.96661663e-01 9.04420137e-01
 1.35432339e+00 7.52405167e-01 1.64354038e+00 2.79620647e-01
 3.05197835e+00 8.46273959e-01 1.72206974e+00 2.08170223e+00
 2.09060788e+00 7.22078800e-01 6.17632866e-01 0.00000000e+00
 1.26326180e+00 1.26278687e+00 1.80733895e+00 4.78512019e-01
 2.77279615e-01 2.84156799e-01 8.48897934e-01 7.97119617e-01
 1.83606148e+00 0.00000000e+00 3.84253740e-01 1.06210768e+00
 8.83903027e-01 2.64191437e+00 1.14793420e-01 1.05902195e-01
 5.84456444e-01 6.29877329e-01 1.03480291e+00 7.09536076e-01
 5.20770073e-01 2.03529429e+00 1.00389695e+00 1.31535769e+00
 8.78507137e-01 7.19246864e-01 8.78862619e-01 2.17732048e+00
 2.51151276e+00 2.21892357e+00 9.00396585e-01 3.82557726e+00
 2.13512301e+00 1.95787668e+00 0.00000000e+00 7.49717283e+00
 6.46947145e+00 2.09201622e+00 6.74343348e-01 3.57095289e+00
 1.42567182e+00 4.24654722e+00 1.31425059e+00 9.66382742e-01
 1.08254850e-02 2.48030043e+00 3.58501339e+00 2.76988745e+00
 1.38459468e+00 2.66914368e+00 8.51557851e-01 2.95600247e+00
 3.70092106e+00 2.92657375e+00 0.00000000e+00 1.89903939e+00
 1.24252701e+00 1.41051912e+00 1.65914369e+00 2.10682154e-02
 1.89285517e+00 1.07137060e+00 1.41980743e+00 1.57092881e+00
 6.33623719e-01 4.63519096e-01 2.16074586e+00 4.41403580e+00
 3.92903137e+00 5.38337708e+00 2.74694514e+00 3.07680511e+00
 4.52546787e+00 9.76070285e-01 1.84857869e+00 2.24882412e+00
 1.20065403e+00 3.37154102e+00 2.90107965e+00 3.88642550e+00
 9.17722225e-01 0.00000000e+00 1.83848381e-01 0.00000000e+00
 4.32796955e-01 7.09681511e-02 2.56322217e+00 1.66484499e+00
 7.18693972e-01 1.13758683e+00 1.56812263e+00 6.34756327e-01
 2.71234751e-01 2.70373559e+00 5.17644978e+00 4.14731407e+00
 4.95712042e+00 3.47447872e+00 2.37643051e+00 4.07719135e+00
 5.42514801e-01 1.69304800e+00 2.95486450e-02 5.19293261e+00
 8.00741673e+00 5.75919533e+00 4.29315948e+00 3.14086270e+00
 4.22694397e+00 3.42595291e+00 2.20346308e+00 1.83516884e+00
 0.00000000e+00 1.66522336e+00 9.18010592e-01 3.16035604e+00
 1.59362662e+00 2.74077415e-01 0.00000000e+00 5.53368568e-01
 8.75448704e-01 1.28796470e+00 7.49799252e-01 1.44799471e+00
 8.49100113e-01 9.90468025e-01 1.36779666e+00 4.04976368e-01
 3.36674738e+00 7.41408825e-01 2.06325150e+00 1.99429131e+00
 2.43324661e+00 5.17656207e-01 5.48270345e-01 0.00000000e+00
 1.51388073e+00 8.81969452e-01 2.25141144e+00 2.99834013e-01
 1.96209908e-01 3.68682384e-01 7.56409883e-01 3.95151496e-01
 2.65289164e+00 2.39775300e-01 2.42594481e-01 2.90683389e-01
 1.02276123e+00 1.17617655e+00 5.33254862e-01 6.18167877e-01
 1.38147008e+00 4.50969189e-01 1.87374651e+00 5.74827671e-01
 6.97374344e-03 1.01411867e+00 7.50146627e-01 4.07329202e-02
 2.77564812e+00 0.00000000e+00 3.99257123e-01 2.32745886e+00
 2.59504771e+00 2.11478043e+00 0.00000000e+00 1.25387180e+00
 3.45765257e+00 2.59072590e+00 2.50632381e+00 7.29267788e+00
 7.44272232e+00 1.90623653e+00 2.31010199e+00 2.93835521e-01
 1.18114305e+00 4.82830811e+00 1.85541201e+00 1.61353123e+00
 6.10280037e-02 3.62886524e+00 3.63124013e+00 1.78944659e+00
 1.10964000e+00 2.59607410e+00 5.61681211e-01 1.73671508e+00
 3.22417068e+00 2.75275517e+00 1.07350349e-02 7.87930667e-01
 7.01826572e-01 3.39698792e-03 0.00000000e+00 2.46619844e+00
 4.39021111e-01 5.08875847e-01 5.99643350e-01 6.05174780e-01
 1.03616476e-01 2.42135906e+00 1.10497439e+00 5.29104900e+00
 3.04898453e+00 2.11761570e+00]"
[Video Soundtrack] Birth of a God [FINAL FANTASY VII].mp3,[92.28515625],-4.4676963e-05,-4.9936203e-05,0.1348686,0.12720518,1.1207042,476814,0.018189546,1757.3323040464527,"[-113.90958    117.602615    -9.792845    31.184223     1.0960748
   15.747126    -3.0414836    7.3948708   -0.1476403    2.6283245
   -2.000741     2.8838794   -3.1584413]",0.12875167,"[0.41438577 0.37229857 0.37031358 0.27050605 0.44658068 0.37029645
 0.2979765  0.34902382 0.3085691  0.47048566 0.40135998 0.3989801 ]","[  1.43963719   2.08979592   2.73995465   3.39011338   4.06349206
   4.71365079   5.36380952   6.01396825   6.66412698   7.33750567
   7.9876644    8.63782313   9.28798186   9.93814059  10.58829932
  11.261678    11.91183673  12.56199546  13.2121542   13.88553288
  14.53569161  15.18585034  15.83600907  16.4861678   17.15954649
  17.80970522  18.45986395  19.11002268  19.76018141  20.43356009
  21.08371882  21.73387755  22.38403628  23.03419501  23.68435374
  24.35773243  25.00789116  25.65804989  26.30820862  26.95836735
  27.60852608  28.28190476  28.93206349  29.55900227  30.23238095
  30.90575964  31.55591837  32.2060771   32.85623583  33.50639456
  34.15655329  34.80671202  35.4800907   36.13024943  36.78040816
  37.43056689  38.08072562  38.75410431  39.40426304  40.05442177
  40.7045805   41.35473923  42.02811791  42.67827664  43.32843537
  43.9785941   44.62875283  45.27891156  45.95229025  46.60244898
  47.25260771  47.90276644  48.57614512  49.2030839   49.87646259
  50.52662132  51.17678005  51.82693878  52.47709751  53.15047619
  53.80063492  54.45079365  55.10095238  55.75111111  56.4244898
  57.07464853  57.72480726  58.37496599  59.02512472  59.6985034
  60.34866213  60.99882086  61.64897959  62.29913832  62.97251701
  63.62267574  64.27283447  64.9229932   65.57315193  66.24653061
  66.89668934  67.54684807  68.1970068   68.84716553  69.49732426
  70.17070295  70.82086168  71.47102041  72.12117914  72.77133787
  73.44471655  74.09487528  74.74503401  75.39519274  76.04535147
  76.71873016  77.36888889  78.01904762  78.66920635  79.31936508
  79.96952381  80.61968254  81.29306122  81.94321995  82.57015873
  83.12743764  83.73115646  84.31165533  84.91537415  85.56553288
  86.19247166  86.86585034  87.51600907  88.1661678   88.81632653
  89.46648526  90.13986395  90.79002268  91.44018141  92.09034014
  92.74049887  93.3906576   94.04081633  94.71419501  95.36435374
  96.01451247  96.6646712   97.31482993  97.98820862  98.63836735
  99.28852608  99.93868481 100.58884354 101.26222222 101.91238095
 102.56253968 103.21269841 103.86285714 104.51301587 105.1631746
 105.83655329 106.48671202 107.13687075 107.78702948 108.43718821
 109.11056689 109.76072562 110.41088435 111.06104308 111.71120181
 112.3845805  113.03473923 113.68489796 114.33505669 114.98521542
 115.6585941  116.30875283 116.95891156 117.60907029 118.25922902
 118.90938776 119.58276644 120.23292517 120.8830839  121.53324263
 122.18340136 122.71746032 123.27473923 123.83201814 124.48217687
 125.1323356  125.78249433 126.43265306 127.10603175 127.75619048
 128.40634921 129.05650794 129.70666667 130.38004535 131.03020408
 131.68036281 132.33052154 132.98068027 133.65405896 134.30421769
 134.95437642 135.60453515 136.25469388 136.90485261 137.57823129
 138.22839002 138.87854875 139.52870748 140.17886621 140.8522449
 141.50240363 142.15256236 142.80272109 143.45287982 144.1262585
 144.77641723 145.42657596 146.07673469 146.72689342 147.37705215
 148.05043084 148.70058957 149.3507483  150.00090703 150.65106576
 151.32444444 151.97460317 152.6247619  153.27492063 153.92507937
 154.59845805 155.24861678 155.89877551 156.54893424 157.19909297
 157.8492517  158.52263039 159.17278912 159.82294785 160.47310658
 161.12326531 161.79664399 162.44680272 163.09696145 163.74712018
 164.39727891 165.0706576  165.72081633 166.37097506 167.02113379
 167.67129252 168.32145125 168.99482993 169.64498866 170.29514739
 170.94530612 171.61868481 172.26884354 172.91900227 173.569161
 174.21931973 174.89269841 175.54285714 176.19301587 176.8431746
 177.49333333 178.14349206 178.79365079 179.46702948 180.11718821
 180.76734694 181.41750567 182.0676644  182.64816327 183.22866213
 183.87882086 184.45931973 185.03981859 185.68997732 186.34013605
 186.99029478 187.66367347 188.29061224 188.94077098 189.61414966
 190.26430839 190.91446712 191.56462585 192.21478458 192.88816327
 193.538322   194.18848073 194.83863946 195.48879819 196.13895692
 196.78911565 197.46249433 198.11265306 198.76281179 199.41297052
 200.06312925 200.73650794 201.38666667 202.0368254  202.68698413
 203.36036281 204.01052154 204.66068027 205.310839   205.96099773
 206.61115646 207.28453515 207.93469388 208.58485261 209.23501134
 209.88517007 210.55854875 211.20870748 211.85886621 212.50902494
 213.15918367 213.8093424  214.48272109 215.13287982 215.78303855
 216.43319728 217.08335601 217.73351474 218.38367347 219.05705215
 219.70721088 220.35736961 221.0307483  221.65768707 222.3078458
 222.86512472 223.42240363 223.97968254 224.60662132 225.28
 225.93015873 226.58031746 227.23047619 227.88063492 228.53079365
 229.20417234 229.85433107 230.5044898  231.15464853 231.82802721
 232.47818594 233.12834467 233.7785034  234.42866213 235.07882086
 235.75219955 236.40235828 237.05251701 237.70267574 238.35283447
 239.0029932  239.67637188 240.32653061 240.97668934 241.62684807
 242.2770068  242.92716553 243.60054422 244.25070295 244.90086168
 245.55102041 246.22439909 246.87455782 247.52471655]","[11.143904   10.453429   10.959547    9.217705    8.473034   10.039806
 11.881851   11.469273    9.586963    7.438946   10.687929   11.742377
 10.433435    8.6691885   7.3316936   8.706348    4.607936    4.5490303
  4.326246    4.8820477   6.1871486   5.1383877   5.7660604   5.1068773
  4.760887    5.2753706   5.006807    5.3858337   4.460771    3.2962127
  5.08723     5.8226247   4.7176323   4.3055816   3.3752885   4.6875505
  5.506019    5.788733    7.198447    7.661353    5.7158813   4.4466295
  4.2145863   2.422898    1.7599745   2.8742816   2.956726    3.6412637
  4.866518    7.517685    4.8759336   9.368878    5.9725485   8.550644
 10.144783    9.839306    4.587641    6.8884563   6.3412313  11.439121
  5.4910307   7.176554    6.098094    6.5458136   5.895728    9.927078
  5.8511295   9.580582    5.6563816   8.922202    9.258879    8.629453
  4.406163    6.588471    6.2810793  11.673199    4.695401    5.623369
  6.398218    6.244538    7.6115904   5.4249973   4.90374     4.427683
  6.6953444   8.323725    7.5863137   7.7499437   5.7359962   4.143831
  6.044037    6.5278654   8.773359    5.0398345   4.766486    6.8627253
  2.798483    4.6507573   5.239087    4.167948    5.505738    4.304822
  5.7525043   5.334829    2.517592    3.1407335   4.6576834   4.6682606
  4.3285265   3.1035185   4.1517487   5.090029    2.8959548   2.786895
  3.5419273   4.1896687   4.395681    4.4737544   5.9183755   5.6243978
  1.7181406   2.9664435   3.2378254   6.922564    1.3259068   0.
  4.4991007   2.6214218   4.186931    0.65034294  3.0218327   2.1566737
  4.3155465   1.0593618   3.269249    3.406372    6.653937    0.9778223
  2.6884818   2.7272263   5.7121468   1.3017733   4.0359964   3.7162256
  5.988229    3.5918083   4.8898473   4.0243635   3.5832288   2.6947417
  6.2185163   3.5650423   4.919713    2.2822595   3.7685528   4.41724
  4.5249176   1.9119012   3.696703    3.736368    5.283117    7.8196836
  5.4479775   3.4470851   3.8450685   4.20207     5.620187    3.177521
  3.565572    3.0949411   4.1366143   3.8076937   4.359829    3.6905017
  6.8976555   1.828094    6.8288836   3.015274    0.23091078  6.685056
  5.1227455   3.2797508   0.2676227   4.854234    0.         20.938515
  0.          0.          4.392044    4.9111524   4.5594215   3.900572
  5.2899313   7.421136   10.462547   10.230448   11.4674225  11.040934
  7.239641    9.073608    4.336763   10.378005    3.5994616   5.220004
  6.1836886   9.679195    7.0335197  10.778908    8.310068    7.7869825
  6.029195   10.162186    7.37737    10.676993    5.8808103   7.2815714
  9.745956    9.984101    4.92239     6.38569     5.588366   10.796595
  5.960168   10.9367485   6.0972285   6.1031475   5.6936913   9.959944
  6.1255097  10.886144    4.631043    6.599724    8.063868    8.098494
  4.968238    4.145771    5.691152    5.661449    8.134873    7.9909315
  5.533935    6.3236313   6.650689    5.322973    4.936724    4.831865
  6.2229424   5.0941734   7.144515    7.4630475   2.9799998   3.5235553
  4.771123    6.2083125   6.0896177   3.749804    4.2524824   4.4296103
  2.8740358   2.6499853   4.194337    3.8031378   4.106185    3.6935036
  4.257617    5.690175    2.2229016   2.5285456   5.0064964   5.044153
  5.4956584   3.941289    4.540386    4.898962    2.297689    5.102892
  2.3849688   6.858981    0.          2.9465454   4.3100057   2.271565
  5.352487    0.8733504   2.6202502   3.0215921   4.320397    0.42683697
  2.3422852   2.1917243   6.11452     0.5705471   2.4897208   2.4590807
  3.9367747   1.0188735   4.3100863   4.4824553   8.040618    2.4900584
  4.8281727   4.5680304   3.743088    2.9072652   6.134377    2.542869
  5.1657743   3.7751002   5.578762    3.4515522   2.8631468   1.3168755
  5.8552656   3.7950587   5.9373565   7.7152305   3.583251    4.6375933
  5.24941     4.5114527   5.012289    2.433741    4.042613    4.041404
  5.053394    3.3714156   3.1219814   3.5241957   5.7577257   0.91153216
  8.67403     3.065298    0.61392784  4.706789    6.3366637   2.9454904
  0.637167    3.9465709   0.         28.890915    0.          0.
  2.4522488   4.311517    4.9346905   5.827842    7.74778     9.562491
 10.802584    8.611251    8.22023     9.057346   11.455225    9.647741
  4.2955627   7.4420204   4.9813666   7.9821925   6.071178    9.766454
  5.6422133   7.367347    9.672993    9.680286    5.3979316   7.3342133
  5.3085346   9.662134    5.8941226   7.50243     7.7119036   7.0879927
  5.671376    8.92829     5.877415   10.218721    4.374321    7.1869907
  6.661517  ]"
[Video Soundtrack] Fight On ! [FINAL FANTASY VII].mp3,[83.35433468],-4.021319e-05,-4.680978e-13,0.13140512,0.10487894,1.2244921,480596,0.017267304,1961.311894681992,"[-102.29267    107.76477    -18.486586    30.816805    -4.578338
    7.669495    -7.5406294    2.5476673   -1.3443997    4.472364
   -2.4265406    2.7096496   -5.073703 ]",0.123768404,"[0.39878097 0.27145532 0.38922742 0.31433085 0.55460584 0.31582505
 0.30315712 0.43897364 0.3229634  0.5290158  0.330846   0.39848158]","[  1.04489796   1.60217687   2.15945578   2.85605442   3.57587302
   4.29569161   4.99229025   5.71210884   6.43192744   7.15174603
   7.84834467   8.56816327   9.28798186  10.00780045  10.70439909
  11.42421769  12.14403628  12.84063492  13.56045351  14.28027211
  15.0000907   15.69668934  16.41650794  17.13632653  17.85614512
  18.55274376  19.27256236  19.99238095  20.71219955  21.40879819
  22.12861678  22.84843537  23.56825397  24.26485261  24.9846712
  25.7044898   26.40108844  27.12090703  27.84072562  28.56054422
  29.28036281  29.97696145  30.69678005  31.41659864  32.22929705
  32.85623583  33.55283447  34.24943311  34.9692517   35.68907029
  36.40888889  37.12870748  37.82530612  38.54512472  39.26494331
  39.9847619   40.68136054  41.40117914  42.12099773  42.81759637
  43.53741497  44.25723356  44.97705215  45.67365079  46.39346939
  47.11328798  47.83310658  48.52970522  49.24952381  49.9693424
  50.689161    51.38575964  52.10557823  52.82539683  53.54521542
  54.26503401  54.96163265  55.68145125  56.40126984  57.12108844
  57.81768707  58.53750567  59.25732426  59.97714286  60.6737415
  61.39356009  62.11337868  62.83319728  63.52979592  64.24961451
  64.96943311  65.66603175  66.38585034  67.10566893  67.82548753
  68.52208617  69.24190476  69.96172336  70.68154195  71.37814059
  72.09795918  72.81777778  73.53759637  74.25741497  74.95401361
  75.6738322   76.39365079  77.11346939  77.81006803  78.52988662
  79.24970522  79.94630385  80.66612245  81.38594104  82.10575964
  82.80235828  83.52217687  84.24199546  84.96181406  85.68163265
  86.37823129  87.09804989  87.81786848  88.53768707  89.23428571
  89.95410431  90.6739229   91.3937415   92.09034014  92.81015873
  93.52997732  94.24979592  94.96961451  95.66621315  96.38603175
  97.10585034  97.80244898  98.52226757  99.24208617  99.96190476
 100.68172336 101.40154195 102.09814059 102.81795918 103.51455782
 104.23437642 104.95419501 105.65079365 106.3938322  107.11365079
 107.81024943 108.50684807 109.22666667 109.94648526 110.66630385
 111.36290249 112.10594104 112.80253968 113.52235828 114.21895692
 114.93877551 115.6585941  116.3784127  117.07501134 117.81804989
 118.51464853 119.23446712 119.93106576 120.65088435 121.37070295
 122.09052154 122.78712018 123.50693878 124.22675737 124.94657596
 125.6431746  126.3629932  127.08281179 127.80263039 128.52244898
 129.33514739 129.93886621 130.65868481 131.35528345 132.07510204
 132.79492063 133.51473923 134.23455782 134.93115646 135.65097506
 136.37079365 137.06739229 137.78721088 138.50702948 139.22684807
 139.92344671 140.64326531 141.3630839  142.08290249 142.77950113
 143.49931973 144.21913832 144.91573696 145.63555556 146.35537415
 147.07519274 147.79501134 148.49160998 149.21142857 149.93124717
 150.65106576 151.3476644  152.06748299 152.78730159 153.48390023
 154.20371882 154.92353741 155.64335601 156.3631746  157.05977324
 157.77959184 158.49941043 159.21922902 159.91582766 160.63564626
 161.35546485 162.05206349 162.77188209 163.49170068 164.21151927
 164.93133787 165.62793651 166.3477551  167.0675737  167.76417234
 168.48399093 169.20380952 169.92362812 170.62022676 171.34004535
 172.05986395 172.77968254 173.49950113 174.19609977 174.91591837
 175.63573696 176.35555556 177.0521542  177.77197279 178.49179138
 179.21160998 179.90820862 180.62802721 181.3478458  182.0676644
 182.76426304 183.48408163 184.20390023 184.92371882 185.62031746
 186.34013605 187.05995465 187.77977324 188.47637188 189.19619048
 189.91600907 190.61260771 191.3324263  192.0522449  192.77206349
 193.49188209 194.18848073 194.90829932 195.62811791 196.34793651
 197.04453515 197.76435374 198.48417234 199.20399093 199.90058957
 200.62040816 201.34022676 202.06004535 202.75664399 203.47646259
 204.19628118 204.91609977 205.61269841 206.33251701 207.0523356
 207.74893424 208.46875283]","[37.72854    0.         3.1684928  7.593342   5.632086   2.8235407
  8.347218   7.4175816  4.7705755  2.9068937  7.8789387  6.586853
  5.3536263  3.1459453  7.7254896  6.439145   2.3336854  4.882966
  3.3193216  4.5555325  1.3323109  4.8266964  3.361247   5.3949976
  3.4499507  5.4017687  4.1995687  4.5494194  2.6018143  5.9058537
  3.931457   5.208597   3.298675   3.8158844  2.3020303  3.193018
  4.4210176  3.2138789  4.8383117  3.1470296  2.21317    2.3196406
  4.23955    4.0075574  7.702995   1.3152139  2.410287   3.0927317
  4.074278   2.1124718  4.8548512  2.7644958  1.9088433  2.676259
  3.8857844  3.3919253  2.1417575  3.5925498  5.734043   6.852768
  6.015655  10.69179    5.4616046  7.510005   4.5643086  3.5472574
  6.1643496  5.853159   5.2525954  9.713632   5.995862   6.1510544
  3.7179756  3.0309346  4.398313   2.1868434  3.3010101  4.1411
  5.798687   3.8692389  3.5886807  1.9508685  3.5013905  2.3694615
  1.7071652  4.3512383  5.238923   3.3128872  6.9182587  7.0931225
  6.581146   6.9402056  6.779891   7.640973   7.1085386  6.952732
  7.9559965  7.9443665  6.4020877  6.343894   7.8847504  7.98661
  5.8604994  4.978138   4.3208933  3.632519   3.456008   3.4344926
  2.5632944  7.3220367  2.2813866  4.129609   2.7970653  5.999034
  3.1403847  4.094889   3.75451    7.3959217  3.3124194  3.342981
  2.5780373  4.315724   2.1098537  2.8881817  1.6856909  7.2470655
  2.6289291  2.8841877  2.5976033  5.033506   2.324529   2.8864417
  1.5592976  2.49123    2.4801035  1.532815   2.1637793  1.3428609
  1.9691426  3.6579099  3.3647082  2.3550303  8.00919    6.453813
  4.74151    2.6833348  7.0077376  8.943939   3.9547765  2.5828705
  7.146141   6.140766   2.4468493  6.111187   2.6351914  4.871724
  2.0996447  5.19254    3.4493098  4.819112   3.7964647  5.6480565
  3.1342216  4.4559107  2.1203516  5.4067507  2.7972698  4.891801
  2.9944754  3.9995246  2.5063183  3.9333847  4.766493   3.2624521
  3.7771044  2.5304503  2.872998   2.7745051  4.08644    2.6039796
  8.904689   4.0707808  2.0663042  3.0672443  5.3695116  2.49023
  4.2957196  1.792479   2.230818   2.502068   3.328266   3.930094
  3.2297635  4.332804   4.4860706 10.096831   5.9980426  8.074876
  4.104144   9.758057   4.9539013  3.6812196  3.895318   8.451893
  6.227078   7.960239   4.517107   9.789646   5.527775   2.8909388
  3.5378501  2.084484   3.8319392  4.7574396  4.227678   4.3519154
  4.797695   2.5280738  3.79816    2.9181972  2.5190692  4.7165356
  4.017742   2.7599277  7.5669923  6.40982    6.254532   7.9729466
  7.107397   6.2578754  5.3065195  8.883731   7.743742   6.986114
  6.01433    7.462658   7.5779533  6.510462   7.8796186  5.110239
  5.51725    3.7583153  3.019268   5.458317   3.036476   6.199129
  2.1017542  4.684189   3.6631126  6.314205   2.8232126  4.67198
  4.1373663  6.2817693  2.7679033  3.4205866  3.5126677  4.092667
  2.0284839  2.567999   2.4163032  6.7852397  2.9940066  3.3001072
  2.6930375  4.3884873  1.8835418  2.8420327  1.9817317  2.314636
  1.760592   1.0155029  2.581746   1.572506   2.2285752  3.8099556
  3.61441    3.290066   6.718857   7.316711   5.9954357  3.3676124
  6.0264935  9.833162   6.127023   3.2365513  6.0432057  7.3678446
  3.3276253  4.8067875  2.3450804  5.667159 ]"
[Video Soundtrack] JENOVA [FINAL FANTASY VII].mp3,[89.10290948],-5.8969053e-05,0.0,0.1384907,0.0086306,0.6891792,287146,0.019179685,1964.9736450913674,"[-111.753235    99.02968     -3.560458    17.932293     1.2262361
    9.959895    -2.8241394    4.755055     1.0229572    4.7742596
   -1.556638     2.6209345   -0.7790932]",0.13042012,"[0.33283025 0.20413707 0.3052343  0.19801588 0.29302067 0.35028878
 0.1863548  0.26288074 0.2718952  0.3784606  0.31250834 0.23178223]","[  1.06811791   1.7414966    2.41487528   3.08825397   3.76163265
   4.43501134   5.10839002   5.78176871   6.45514739   7.15174603
   7.82512472   8.4985034    9.17188209   9.84526077  10.51863946
  11.19201814  11.86539683  12.53877551  13.2121542   13.88553288
  14.55891156  15.23229025  15.90566893  16.57904762  17.2524263
  17.92580499  18.59918367  19.27256236  19.94594104  20.61931973
  21.29269841  21.9660771   22.63945578  23.31283447  23.98621315
  24.65959184  25.33297052  26.00634921  26.67972789  27.35310658
  28.02648526  28.69986395  29.37324263  30.04662132  30.69678005
  31.39337868  32.06675737  32.74013605  33.41351474  34.08689342
  34.76027211  35.43365079  36.08380952  36.75718821  37.43056689
  38.10394558  38.77732426  39.45070295  40.14730159  40.82068027
  41.49405896  42.16743764  42.84081633  43.51419501  44.1875737
  44.83773243  45.51111111  46.1844898   46.88108844  47.53124717
  48.20462585  48.87800454  49.55138322  50.2247619   50.92136054
  51.57151927  52.24489796  52.91827664  53.59165533  54.26503401
  54.96163265  55.61179138  56.28517007  56.95854875  57.63192744
  58.30530612  58.97868481  59.65206349  60.32544218  60.99882086
  61.67219955  62.34557823  63.01895692  63.6923356   64.36571429
  65.03909297  65.71247166  66.38585034  67.05922902  67.73260771
  68.40598639  69.07936508  69.75274376  70.42612245  71.09950113
  71.77287982  72.4462585   73.11963719  73.79301587  74.46639456
  75.13977324  75.81315193  76.48653061  77.1599093   77.83328798
  78.50666667  79.18004535  79.85342404  80.52680272  81.20018141
  81.87356009  82.54693878  83.22031746  83.89369615  84.56707483
  85.24045351  85.9138322   86.58721088  87.26058957  87.93396825
  88.60734694  89.28072562  89.95410431  90.62748299  91.30086168
  91.97424036  92.64761905  93.34421769  93.99437642  94.6677551
  95.34113379  96.01451247  96.68789116  97.36126984  98.03464853
  98.70802721  99.3814059  100.05478458 100.72816327 101.40154195
 102.07492063 102.74829932 103.421678   104.09505669 104.76843537
 105.44181406 106.11519274 106.78857143 107.46195011 108.1353288
 108.80870748 109.48208617 110.15546485 110.82884354 111.50222222
 112.17560091 112.84897959 113.52235828 114.19573696 114.86911565
 115.51927438 116.19265306 116.8892517  117.56263039 118.23600907
 118.90938776 119.58276644 120.23292517 120.90630385 121.57968254
 122.25306122 122.92643991 123.59981859 124.27319728 124.94657596
 125.61995465 126.29333333 126.96671202 127.6400907  128.31346939
 128.98684807 129.66022676 130.3568254  131.00698413 131.68036281
 132.3537415  133.02712018 133.70049887 134.37387755 135.04725624
 135.72063492 136.39401361 137.06739229 137.74077098 138.41414966
 139.1107483  139.76090703 140.43428571 141.1076644  141.78104308
 142.45442177 143.12780045 143.80117914 144.47455782 145.14793651
 145.82131519 146.49469388]","[20.622505    9.299158    7.225045    7.9033422   7.169279    6.60941
  6.4926143   7.185873    9.02095     4.667489    4.075307    4.4608097
  4.339937    5.6901727   4.838421    5.777914    4.837801    3.6719773
  3.9097595   4.0969563   3.6065698   4.5766997   3.9837263   4.429285
  5.986837    2.1247234   3.3186455   2.9136517   2.276258    2.6531136
  3.837215    3.7563531   3.5942059   1.7173312   1.8027196   2.5922754
  2.1793075   3.5194082   4.273892    4.2810454   4.8091474   1.319943
  4.057141    2.4704056   2.286056    2.7177854   2.9212735   2.2895927
  3.5613344   1.163496    1.762921    2.413971    3.211154    1.8134181
  4.865637    3.3354144   4.833433    1.9152541   2.0921683   1.3669977
  0.81532145  1.7778859   1.6123444   2.1721973   2.5254517   2.3789253
  2.5527759   2.2608962   1.8836412   1.6223416   1.3143196   3.3298645
  3.260899    1.8082772   2.602106    1.7768271   0.754383    1.5294557
  1.5499525   2.2634223   2.1890254   2.2936866   2.5593028   1.8160024
  0.76758265  2.0692992   1.2355425   2.8078728   3.80867     3.274557
  4.6302433   1.8925176   2.1215553   4.688352    4.7201796   2.3207927
  2.8631241   4.4905314   4.0182056   1.8549614   3.7340333   4.1474833
  4.4495425   2.0351343   4.356741    2.5417862   5.2830133   3.8773375
  3.957681    5.1926937   5.7654486   5.5880294   7.634491    1.8110075
  3.39368     3.8319805   2.97352     2.2404637   3.805212    3.729044
  3.8758492   1.1949787   2.0507588   3.3132925   3.0514355   4.358916
  4.9680557   5.4776096   5.706452    2.81879     4.0618873   2.8542223
  2.0201013   2.6044884   3.4870214   3.0952826   3.9741666   1.4954901
  2.1287494   2.7423112   3.31598     2.275181    4.255888    4.5286746
  5.074287    1.856931    2.0758243   1.50298     1.1180177   1.6999307
  2.420068    2.4008257   3.0042355   2.2001448   2.077743    2.338285
  2.4241734   2.2209082   1.4884343   2.6290302   3.4585648   1.4526448
  2.9741783   1.6243544   1.4040284   1.7030361   2.0901995   2.9688148
  3.1523464   1.9420292   2.0097542   1.9670916   1.3906229   1.5673413
  1.3522694   2.245213    2.9469867   2.384943    4.2379932   1.8844628
  2.9020605   4.1770535   4.174063    2.0714757   2.1349373   4.081077
  3.3610744   1.3271186   3.3448458   3.9684885   4.1546593   1.8909669
  3.6296742   2.1638467   5.832076    3.5940435   4.149351    5.8353605
  6.8012176   4.7637854   8.650692    1.6964178   2.811059    3.435977
  2.4556994   1.8016825   3.025803    3.045638    3.5699608   0.7908869
  2.5422993   2.481804    2.7136307   4.5774717   5.927006    6.581823
  6.5217543 ]"
[Video Soundtrack] One Winged Angel [FINAL FANTASY VII].mp3,[117.45383523],1.3684911e-06,0.0,0.14925966,-0.04656882,1.0983329,916654,0.022278449,1935.8106454082201,"[-9.3370033e+01  1.1009868e+02 -1.8169743e+01  1.9346216e+01
 -5.8746376e+00  3.4481285e+00 -3.1513047e+00  7.2043881e+00
 -6.3418698e+00  2.9041901e+00 -3.9318523e+00  4.0895779e-02
 -3.3732545e+00]",0.13902375,"[0.32144266 0.4012808  0.5521148  0.40299746 0.42374176 0.40952677
 0.30220252 0.3001319  0.3032742  0.49053475 0.42043877 0.38769308]","[  1.13777778   1.64861678   2.13623583   2.62385488   3.13469388
   3.64553288   4.13315193   4.62077098   5.15482993   5.64244898
   6.15328798   6.64090703   7.15174603   7.63936508   8.15020408
   8.63782313   9.12544218   9.61306122  10.12390023  10.63473923
  11.12235828  11.60997732  12.12081633  12.60843537  13.11927438
  13.63011338  14.11773243  14.62857143  15.11619048  15.62702948
  16.11464853  16.62548753  17.11310658  17.60072562  18.11156463
  18.59918367  19.11002268  19.62086168  20.10848073  20.61931973
  21.13015873  21.61777778  22.12861678  22.61623583  23.10385488
  23.61469388  24.12553288  24.61315193  25.12399093  25.61160998
  26.09922902  26.58684807  27.09768707  27.58530612  28.09614512
  28.58376417  29.09460317  29.60544218  30.09306122  30.60390023
  31.09151927  31.60235828  32.08997732  32.60081633  33.08843537
  33.59927438  34.08689342  34.59773243  35.08535147  35.59619048
  36.08380952  36.59464853  37.08226757  37.59310658  38.08072562
  38.59156463  39.07918367  39.56680272  40.07764172  40.58848073
  41.07609977  41.61015873  42.09777778  42.58539683  43.09623583
  43.60707483  44.09469388  44.58231293  45.09315193  45.58077098
  46.09160998  46.64888889  47.18294785  47.74022676  48.29750567
  48.83156463  49.31918367  49.83002268  50.31764172  50.82848073
  51.31609977  51.82693878  52.31455782  52.82539683  53.31301587
  53.82385488  54.31147392  54.82231293  55.33315193  55.82077098
  56.30839002  56.79600907  57.30684807  57.81768707  58.32852608
  58.81614512  59.30376417  59.81460317  60.30222222  60.81306122
  61.30068027  61.81151927  62.29913832  62.80997732  63.29759637
  63.80843537  64.31927438  64.80689342  65.29451247  65.80535147
  66.29297052  66.80380952  67.29142857  67.80226757  68.28988662
  68.77750567  69.28834467  69.79918367  70.28680272  70.79764172
  71.28526077  71.77287982  72.28371882  72.77133787  73.28217687
  73.76979592  74.28063492  74.76825397  75.27909297  75.76671202
  76.27755102  76.76517007  77.27600907  77.76362812  78.27446712
  78.78530612  79.29614512  79.78376417  80.27138322  80.78222222
  81.26984127  81.78068027  82.24507937  82.77913832  83.28997732
  83.77759637  84.26521542  84.77605442  85.26367347  85.77451247
  86.26213152  86.77297052  87.26058957  87.74820862  88.25904762
  88.74666667  89.25750567  89.74512472  90.25596372  90.74358277
  91.25442177  91.74204082  92.25287982  92.74049887  93.25133787
  93.73895692  94.24979592  94.76063492  95.27147392  95.75909297
  96.24671202  96.75755102  97.26839002  97.75600907  98.22040816
  98.75446712  99.24208617  99.72970522 100.24054422 100.75138322
 101.26222222 101.74984127 102.23746032 102.72507937 103.23591837
 103.74675737 104.23437642 104.72199546 105.23283447 105.72045351
 106.23129252 106.71891156 107.22975057 107.74058957 108.22820862
 108.71582766 109.20344671 109.71428571 110.20190476 110.71274376
 111.22358277 111.73442177 112.22204082 112.70965986 113.22049887
 113.70811791 114.21895692 114.70657596 115.21741497 115.72825397
 116.21587302 116.70349206 117.21433107 117.70195011 118.21278912
 118.72362812 119.21124717 119.69886621 120.20970522 120.69732426
 121.20816327 121.69578231 122.20662132 122.69424036 123.20507937
 123.69269841 124.20353741 124.69115646 125.20199546 125.68961451
 126.20045351 126.71129252 127.19891156 127.68653061 128.17414966
 128.68498866 129.19582766 129.68344671 130.17106576 130.70512472
 131.19274376 131.68036281 132.19120181 132.70204082 133.18965986
 133.70049887 134.18811791 134.67573696 135.18657596 135.67419501
 136.18503401 136.67265306 137.18349206 137.67111111 138.18195011
 138.66956916 139.18040816 139.66802721 140.17886621 140.66648526
 141.17732426 141.66494331 142.17578231 142.66340136 143.17424036
 143.66185941 144.14947846 144.66031746 145.17115646 145.65877551
 146.16961451 146.65723356 147.16807256 147.65569161 148.16653061
 148.65414966 149.16498866 149.65260771 150.16344671 150.65106576
 151.16190476 151.64952381 152.16036281 152.64798186 153.15882086
 153.64643991 154.15727891 154.64489796 155.15573696 155.64335601
 156.15419501 156.64181406 157.15265306 157.64027211 158.15111111
 158.63873016 159.14956916 159.63718821 160.14802721 160.63564626
 161.14648526 161.63410431 162.14494331 162.63256236 163.14340136
 163.63102041 164.14185941 164.62947846 165.14031746 165.62793651
 166.13877551 166.62639456 167.13723356 167.62485261 168.13569161
 168.62331066 169.13414966 169.62176871 170.13260771 170.62022676
 171.13106576 171.61868481 172.12952381 172.61714286 173.12798186
 173.61560091 174.12643991 174.63727891 175.12489796 175.63573696
 176.12335601 176.63419501 177.12181406 177.60943311 178.12027211
 178.63111111 179.11873016 179.60634921 180.11718821 180.60480726
 181.0924263  181.60326531 182.09088435 182.60172336 183.0893424
 183.60018141 184.08780045 184.59863946 185.10947846 185.59709751
 186.08471655 186.5723356  187.0831746  187.59401361 188.08163265
 188.59247166 189.10331066 189.59092971 190.07854875 190.5661678
 191.0770068  191.5878458  192.07546485 192.58630385 193.0739229
 193.5847619  194.07238095 194.58321995 195.09405896 195.60489796
 196.11573696 196.60335601 197.11419501 197.60181406 198.11265306
 198.60027211 199.08789116 199.59873016 200.10956916 200.59718821
 201.08480726 201.5724263  202.06004535 202.5476644  203.0585034
 203.5693424  204.05696145 204.56780045 205.0554195  205.5662585
 206.05387755 206.56471655 207.0523356  207.5631746  208.05079365
 208.56163265 209.0492517  209.5600907  210.04770975 210.5353288
 211.0461678  211.5570068  212.04462585 212.55546485 213.0430839
 213.5539229  214.04154195 214.529161   215.04       215.550839
 216.03845805 216.5260771  217.0369161  217.5477551  218.03537415
 218.5229932  219.0338322  219.5446712  220.03229025 220.5199093
 221.0307483  221.5415873  222.02920635 222.54004535 223.05088435
 223.5385034  224.02612245 224.53696145 225.0245805  225.51219955
 226.02303855 226.53387755 227.04471655 227.5323356  228.01995465
 228.53079365 229.0184127  229.5292517  230.01687075 230.52770975
 231.0153288  231.5261678  232.01378685 232.52462585 233.03546485
 233.5230839  234.01070295 234.52154195 235.03238095 235.54321995
 236.030839   236.4952381  237.02929705 237.5169161  238.0277551
 238.4921542  239.02621315 239.53705215 240.0246712  240.48907029
 241.02312925 241.5107483  242.0215873  242.48598639 242.9968254
 243.5076644  243.99528345 244.50612245 244.9937415  245.5045805
 245.99219955 246.50303855 246.9906576  247.47827664 247.98911565
 248.49995465 248.9875737  249.4984127  249.98603175 250.49687075
 251.00770975 251.51854875 252.0061678  252.49378685 252.9814059
 253.4922449  254.0030839  254.46748299 254.978322   255.489161
 256.         256.48761905 256.9752381  257.4860771  257.9969161
 258.46131519 258.9721542  259.4829932  259.97061224 260.48145125
 260.96907029 261.4799093  261.96752834 262.47836735 262.96598639
 263.4768254  263.96444444 264.47528345 264.96290249 265.4737415
 265.96136054 266.47219955 266.98303855 267.4706576  267.95827664
 268.46911565 268.97995465 269.49079365 269.9784127  270.44281179
 270.95365079 271.44126984 271.95210884 272.46294785 272.97378685
 273.48462585 273.9722449  274.43664399 274.94748299 275.458322
 275.94594104 276.45678005 276.94439909 277.43201814 277.94285714
 278.45369615 278.94131519 279.4521542  279.93977324 280.45061224
 280.93823129 281.42585034 281.93668934 282.42430839 282.93514739
 283.44598639 283.93360544 284.42122449 284.93206349 285.41968254
 285.93052154 286.41814059 286.92897959 287.43981859 287.92743764
 288.43827664 288.92589569 289.41351474 289.92435374 290.41197279
 290.92281179 291.43365079 291.92126984 292.43210884 292.91972789
 293.43056689 293.91818594 294.42902494 294.91664399 295.40426304
 295.91510204 296.42594104 296.91356009 297.42439909 297.91201814
 298.42285714 298.91047619 299.39809524 299.90893424 300.39655329
 300.88417234 301.39501134 301.90585034 302.39346939 302.90430839
 303.39192744 303.90276644 304.39038549 304.90122449 305.41206349
 305.89968254 306.38730159 306.87492063 307.38575964 307.89659864
 308.38421769 308.89505669 309.38267574 309.89351474 310.40435374
 310.89197279 311.40281179 311.89043084 312.37804989 312.88888889
 313.39972789 313.88734694 314.39818594 314.88580499 315.39664399
 315.88426304 316.37188209 316.88272109 317.37034014 317.88117914
 318.36879819 318.85641723 319.36725624 319.87809524 320.38893424
 320.87655329 321.36417234 321.87501134 322.36263039 322.85024943
 323.36108844 323.87192744 324.35954649 324.87038549 325.35800454
 325.86884354 326.37968254 326.86730159 327.37814059 327.86575964
 328.35337868 328.86421769 329.35183673 329.86267574 330.35029478
 330.86113379 331.34875283 331.85959184 332.34721088 332.85804989
 333.34566893 333.85650794 334.34412698 334.85496599 335.36580499
 335.85342404 336.34104308 336.85188209 337.33950113 337.85034014
 338.36117914 338.84879819 339.33641723 339.84725624 340.35809524
 340.84571429 341.33333333 341.84417234 342.33179138 342.84263039
 343.33024943 343.84108844 344.32870748 344.83954649 345.32716553
 345.83800454 346.32562358 346.83646259 347.32408163 347.83492063
 348.34575964 348.85659864 349.34421769 349.85505669 350.34267574
 350.83029478 351.34113379 351.82875283 352.31637188 352.82721088
 353.31482993 353.82566893 354.31328798 354.80090703 355.31174603
 355.82258503 356.31020408 356.82104308 357.33188209 357.81950113
 358.30712018 358.79473923 359.30557823 359.81641723 360.30403628
 360.81487528 361.30249433 361.79011338 362.30095238 362.78857143
 363.29941043 363.78702948 364.29786848 364.80870748 365.29632653
 365.80716553 366.29478458 366.80562358 367.31646259 367.80408163
 368.31492063 368.80253968 369.31337868 369.80099773 370.31183673
 370.79945578 371.31029478 371.79791383 372.30875283 372.79637188
 373.30721088 373.79482993 374.28244898 374.77006803 375.28090703
 375.76852608 376.27936508 376.76698413 377.27782313 377.76544218
 378.27628118 378.76390023 379.27473923 379.76235828 380.27319728
 380.76081633 381.27165533 381.75927438 382.27011338 382.75773243
 383.26857143 383.75619048 384.26702948 384.75464853 385.26548753
 385.75310658 386.26394558 386.75156463 387.26240363 387.75002268
 388.26086168 388.74848073 389.25931973 389.74693878 390.25777778
 390.74539683 391.25623583 391.74385488 392.25469388 392.74231293
 393.25315193 393.74077098 394.25160998 394.73922902 395.25006803
 395.73768707 396.24852608 396.73614512 397.24698413 397.73460317
 398.24544218 398.73306122 399.24390023 399.75473923 400.24235828
 400.72997732 401.24081633 401.72843537 402.23927438 402.72689342
 403.23773243 403.74857143 404.23619048 404.72380952 405.23464853
 405.72226757 406.23310658 406.72072562 407.23156463 407.71918367
 408.23002268 408.71764172 409.22848073 409.73931973 410.25015873
 410.71455782 411.22539683 411.73623583 412.24707483 412.71147392
 413.22231293 413.73315193 414.24399093 414.70839002 415.21922902
 415.70684807 416.21768707 416.70530612 417.19292517 417.70376417
 418.19138322 418.70222222 419.21306122 419.70068027 420.21151927
 420.69913832 421.18675737 421.69759637 422.18521542 422.69605442
 423.20689342 423.71773243 424.22857143 424.71619048 425.20380952
 425.71464853 426.22548753 426.68988662 427.20072562 427.71156463
 428.22240363 428.71002268 429.19764172 429.70848073 430.21931973
 430.68371882]","[1.8775372e+01 7.2227263e+00 9.1619911e+00 9.2529011e+00 8.8707829e+00
 7.1800470e+00 8.7474184e+00 8.8168163e+00 4.3084922e+00 3.4335961e+00
 3.8294487e+00 5.3884859e+00 3.8171043e+00 5.0167174e+00 4.3095093e+00
 5.1803384e+00 9.5870419e+00 8.5930729e+00 8.9568424e+00 7.1047735e+00
 9.3192463e+00 8.8690767e+00 8.9641895e+00 8.4822617e+00 8.4964657e+00
 4.7469988e+00 7.4428372e+00 5.4568329e+00 6.6252975e+00 5.1367884e+00
 7.0838747e+00 5.8778577e+00 6.7119379e+00 8.9526901e+00 8.8675652e+00
 9.9982967e+00 4.3398685e+00 5.1199780e+00 3.7113039e+00 3.7962081e+00
 4.3081651e+00 5.7237263e+00 4.2052822e+00 4.2416167e+00 3.6923761e+00
 3.1600912e+00 2.7604399e+00 3.3528533e+00 2.6553218e+00 6.0649824e+00
 8.6531973e+00 5.4329400e+00 5.0296946e+00 7.6953878e+00 8.7458076e+00
 5.2883525e+00 8.5930376e+00 2.2618656e+00 6.9425821e+00 5.4994617e+00
 7.8613710e+00 5.4757104e+00 8.2438164e+00 5.5187368e+00 7.9749308e+00
 5.1857338e+00 7.8302426e+00 5.4566369e+00 8.4062958e+00 4.8814998e+00
 7.4299297e+00 5.2402515e+00 7.2143555e+00 3.5966387e+00 4.5631924e+00
 4.0698123e+00 5.0619330e+00 7.6033497e+00 8.0403748e+00 5.4749651e+00
 6.9453144e+00 5.1854658e-01 2.2429714e+00 2.8876224e+00 7.4782085e-01
 3.1509876e-01 1.0189095e+00 3.7354255e+00 5.6968379e-01 3.3436697e+00
 2.7853758e+00 2.7764463e-01 0.0000000e+00 3.0718470e-01 2.0984921e+00
 1.2695284e+00 1.6128082e+00 1.3387661e+00 4.2030869e+00 1.4502660e+00
 4.1829371e+00 3.4270430e+00 6.0094881e+00 3.6456296e+00 4.9412746e+00
 3.9472361e+00 6.5553036e+00 3.0251307e+00 2.9915605e+00 6.5690100e-01
 2.8390937e+00 3.2239132e+00 3.5492835e+00 1.0392362e+00 2.4909987e+00
 2.4448893e+00 3.5914221e+00 3.7085199e-01 2.8702397e+00 3.1561041e+00
 2.8291106e+00 1.1020118e+00 2.7279994e+00 3.0898478e+00 3.6574252e+00
 1.0244482e+00 2.1084116e+00 3.0980392e+00 3.1840329e+00 8.7918890e-01
 2.5817530e+00 3.1236629e+00 3.2585192e+00 7.2944570e-01 3.6462402e+00
 3.3798718e+00 3.3767428e+00 5.6979036e-01 3.8296936e+00 1.8957510e+00
 3.4990542e+00 4.4207969e+00 4.0455871e+00 4.9596262e+00 2.9194558e+00
 4.4868517e+00 3.1164212e+00 4.3759522e+00 3.6582112e+00 4.0724459e+00
 4.2298255e+00 4.8586068e+00 2.4509544e+00 4.7897100e+00 3.5458624e+00
 3.5963228e+00 1.5113485e-01 3.3373976e+00 5.2474022e+00 6.2586555e+00
 6.1718130e+00 4.2722883e+00 6.7633991e+00 3.8769157e+00 3.3532858e-02
 3.9840269e+00 5.2672544e+00 6.1726384e+00 6.5384121e+00 4.4347472e+00
 6.0862603e+00 1.6844370e+00 3.5120451e+00 3.8315692e+00 3.8369827e+00
 4.8667822e+00 2.5313118e+00 4.1823473e+00 2.9598596e+00 2.7808995e+00
 2.3470635e+00 2.4255557e+00 3.5467896e+00 4.5038204e+00 2.2835073e+00
 4.8002453e+00 3.1360793e+00 2.5252802e+00 8.7644577e-02 4.4383049e+00
 4.1309805e+00 1.0816531e+00 1.0716844e+00 1.3033404e+00 6.0507765e+00
 2.9154406e+00 0.0000000e+00 6.5332980e+00 4.3015943e+00 1.1730753e+00
 1.0406070e+00 9.9529099e-01 5.2639427e+00 1.7258244e+00 1.9680486e+00
 3.2565045e+00 6.5588069e-01 5.1175394e+00 2.0344286e+00 5.8064466e+00
 1.8635118e+00 6.0873709e+00 1.4914343e+00 2.3877244e+00 1.2083235e+00
 4.5534620e+00 2.0704284e+00 5.8579426e+00 1.7959881e+00 3.4466491e+00
 1.5220554e+00 3.4412482e+00 1.1109891e+00 6.4361944e+00 1.7558031e+00
 6.4444675e+00 1.5791999e+00 6.1583452e+00 1.3386827e+00 2.4852948e+00
 1.9998918e+00 5.3529501e+00 1.5834532e+00 6.0366154e+00 5.0327640e+00
 1.1955752e+00 2.9528959e+00 2.8745732e+00 3.5576253e+00 3.9796901e+00
 2.5302930e+00 3.1735797e+00 3.5051572e+00 2.2351058e+00 2.2151561e+00
 1.8353167e+00 3.5994558e+00 4.3145123e+00 2.5939143e+00 5.0728054e+00
 3.3581185e+00 3.1098373e+00 0.0000000e+00 3.7762847e+00 3.8032441e+00
 4.6584845e+00 3.5195847e+00 7.5037348e-01 6.2494059e+00 3.1140494e+00
 0.0000000e+00 4.3374462e+00 2.5325727e+00 1.3880615e+00 1.5302358e+00
 1.2782789e+00 3.8139338e+00 8.7831173e+00 3.6413734e+00 6.8384762e+00
 4.5197244e+00 4.8463631e+00 2.5419593e+00 4.2556238e+00 3.0568676e+00
 7.0228100e+00 3.0032897e+00 3.8262148e+00 2.7326410e+00 4.4960117e+00
 2.6050146e+00 3.0093570e+00 3.0429153e+00 5.4537921e+00 1.8629725e+00
 4.5536504e+00 2.1519244e+00 5.2740345e+00 2.0038357e+00 4.0206490e+00
 2.6888990e+00 7.8368902e+00 3.9099822e+00 6.6791186e+00 4.1652083e+00
 4.6866927e+00 2.6656919e+00 3.9812737e+00 2.4998224e+00 6.7278199e+00
 3.2697520e+00 4.3818936e+00 2.6040616e+00 4.4180050e+00 2.9435434e+00
 2.5085914e+00 3.1391006e+00 6.1191654e+00 1.4578333e+00 3.2269614e+00
 2.2337575e+00 4.5893326e+00 1.3822887e+00 3.7936473e+00 4.0917664e+00
 6.4038677e+00 2.9762318e+00 4.2996607e+00 2.6975965e+00 4.9699450e+00
 2.9444132e+00 5.3678012e+00 2.8539038e+00 5.4318023e+00 2.5625155e+00
 4.5969214e+00 2.5693109e+00 4.5365586e+00 2.1936784e+00 4.8430696e+00
 2.7171905e+00 5.1356916e+00 2.3634310e+00 3.8483984e+00 2.8750153e+00
 4.2562928e+00 2.5698218e+00 4.9853411e+00 3.2339752e+00 5.5650854e+00
 2.1481605e+00 4.9691582e+00 2.5253706e+00 4.7930064e+00 2.4194250e+00
 4.3440304e+00 2.0115783e+00 1.8970232e+00 3.0271544e+00 0.0000000e+00
 4.2147532e+00 6.9624329e-01 1.7634559e+00 3.9928675e-02 1.9392815e+00
 1.3355782e+00 1.6306601e+00 0.0000000e+00 2.8964567e+00 2.0107658e+00
 1.8375641e+00 1.8516489e+00 0.0000000e+00 3.7381172e-01 1.5633869e+00
 8.9368892e-01 2.3168192e+00 2.0898929e+00 2.4659758e+00 3.2571690e+00
 7.7554455e+00 5.1221390e+00 3.3966770e+00 4.3871765e+00 5.6769295e+00
 4.0123129e+00 3.0681570e+00 4.6538944e+00 4.1719379e+00 6.8820667e+00
 2.5924225e+00 2.3519511e+00 3.0987401e+00 2.5472438e+00 2.7007141e+00
 2.2760296e+00 3.7594821e+00 4.3963094e+00 4.2364950e+00 3.3085995e+00
 4.3980670e-01 3.5622926e+00 4.2688227e-01 1.9628286e-01 7.0643950e-01
 2.2298031e+00 2.4956770e+00 2.0801892e+00 1.9408131e-01 3.3764644e+00
 5.0148070e-03 9.6074486e-01 0.0000000e+00 4.8225036e+00 3.4348483e+00
 3.4294477e+00 3.2751071e+00 3.5748181e+00 2.5077143e+00 3.3278193e+00
 2.5795703e+00 3.9900930e+00 4.1724157e+00 3.7006888e+00 3.8616261e+00
 3.2737498e+00 2.4359393e+00 3.5009377e+00 2.2375078e+00 2.9054432e+00
 3.6603580e+00 3.3077631e+00 3.7755711e+00 2.9659617e+00 3.0450921e+00
 3.1166008e+00 3.2233367e+00 3.2127550e+00 4.1507044e+00 2.7823997e+00
 3.1776154e+00 3.1428380e+00 2.8920794e+00 3.2386413e+00 2.3366504e+00
 4.5648575e+00 1.9590919e+00 1.6329001e+00 2.8093097e+00 2.8360395e+00
 1.4445996e+00 1.8627594e+00 1.4421668e+00 3.1958733e+00 2.0318880e+00
 1.6374544e+00 2.2972736e+00 2.2047179e+00 1.0771248e+00 2.1040120e+00
 1.3059340e+00 2.8267002e+00 2.0305934e+00 2.2470274e+00 1.8903911e+00
 2.3390024e+00 1.4316864e+00 2.1591864e+00 1.9115405e+00 2.4781718e+00
 2.1617658e+00 2.0067544e+00 2.1879749e+00 1.7562551e+00 1.3063493e+00
 1.9561892e+00 1.2581439e+00 3.3357244e+00 2.6084204e+00 0.0000000e+00
 3.2444696e+00 6.0995121e+00 4.1653996e+00 4.6722145e+00 3.4598188e+00
 5.8268986e+00 3.0543275e+00 0.0000000e+00 2.5656166e+00 6.5569859e+00
 3.9535465e+00 4.4136024e+00 3.2566566e+00 9.2351122e+00 1.9216443e+00
 3.1985521e+00 4.5758028e+00 3.6273127e+00 4.6872416e+00 2.3911748e+00
 4.3480325e+00 3.2955775e+00 4.0871615e+00 3.4892786e+00 4.2369556e+00
 3.5057454e+00 4.4804616e+00 1.8762662e+00 3.9908924e+00 2.8865156e+00
 2.8144627e+00 0.0000000e+00 2.5061188e+00 5.7555156e+00 5.8868170e+00
 5.7047586e+00 4.4170961e+00 6.7396145e+00 3.1928582e+00 0.0000000e+00
 2.9513760e+00 5.3304882e+00 5.7556896e+00 5.6805000e+00 4.2602158e+00
 7.9303808e+00 1.5721354e+00 2.9543059e+00 2.8738351e+00 3.0271029e+00
 4.5523977e+00 2.2982736e+00 3.9424539e+00 2.8889124e+00 2.9653177e+00
 2.3165121e+00 2.9530883e+00 3.0082512e+00 4.5766096e+00 2.2392631e+00
 4.3943315e+00 2.8702881e+00 2.4739070e+00 0.0000000e+00 5.6672750e+00
 4.8626966e+00 6.9535208e-01 1.1143932e+00 1.2657740e+00 5.6804376e+00
 2.7834344e+00 0.0000000e+00 5.7296348e+00 4.6568918e+00 9.8696256e-01
 1.2772522e+00 1.7864141e+00 6.6400709e+00 1.8439810e+00 1.5634041e+00
 4.4551573e+00 3.8809288e-01 5.1202087e+00 2.0086269e+00 5.6189737e+00
 1.7231672e+00 5.5320168e+00 1.3928168e+00 3.2832949e+00 7.9277122e-01
 5.0955281e+00 2.6180453e+00 5.4593325e+00 1.9748683e+00 3.9624887e+00
 1.0287232e+00 3.9412701e+00 6.8398094e-01 5.4243112e+00 2.3005161e+00
 6.1060066e+00 1.9536760e+00 6.1987305e+00 1.4754012e+00 2.8849838e+00
 1.0433459e+00 5.0792241e+00 2.2196040e+00 5.4543056e+00 6.1345978e+00
 1.5578268e+00 2.5793900e+00 3.0219941e+00 3.3289301e+00 3.6235087e+00
 2.1067390e+00 3.5526061e+00 3.0186963e+00 2.7647169e+00 1.7837276e+00
 2.2789297e+00 3.0179682e+00 4.4252820e+00 2.2805839e+00 4.0418100e+00
 2.7992454e+00 3.3102999e+00 5.4590988e-01 2.0723810e+00 4.5193806e+00
 4.0542822e+00 4.9689302e+00 8.6349463e-01 5.3745236e+00 3.5103540e+00
 2.3900986e-01 3.7161150e+00 3.5396070e+00 1.4403324e+00 1.1755252e+00
 1.2889484e+00 5.0007458e+00 1.0684225e+01 3.6528721e+00 5.7428546e+00
 3.9371114e+00 4.0472445e+00 2.4115767e+00 4.0309205e+00 1.9604986e+00
 5.4125824e+00 2.6355796e+00 4.4426203e+00 2.4980805e+00 4.3806381e+00
 2.1895986e+00 3.0287986e+00 2.4680026e+00 4.8738480e+00 1.7852901e+00
 3.9533916e+00 2.4290152e+00 4.6539388e+00 1.9850315e+00 3.4151931e+00
 2.2640896e+00 1.0198961e+01 4.4576569e+00 5.3208132e+00 3.3688626e+00
 4.6629162e+00 2.3458824e+00 4.0407529e+00 2.0181828e+00 7.5905352e+00
 2.5265081e+00 3.6035819e+00 3.1362133e+00 4.0802374e+00 2.7424319e+00
 3.3015196e+00 2.6427083e+00 4.1901426e+00 1.3107299e+00 3.0161412e+00
 1.5389640e+00 3.2123156e+00 2.0883718e+00 3.5845461e+00 3.8964548e+00
 5.3548460e+00 2.6235607e+00 4.4689984e+00 2.6321316e+00 3.9795725e+00
 2.6328971e+00 4.8373060e+00 2.7883503e+00 4.3406076e+00 2.0601492e+00
 4.1989493e+00 2.2757163e+00 3.6797562e+00 2.3107109e+00 4.1589227e+00
 2.3773754e+00 4.8230085e+00 2.6574464e+00 3.8971255e+00 2.1255584e+00
 3.2494068e+00 2.5530252e+00 4.0241013e+00 2.0501881e+00 4.6979723e+00
 3.0371752e+00 3.6183684e+00 2.6956389e+00 3.7823722e+00 2.8470774e+00
 3.8970952e+00 2.2675309e+00 9.7349519e-01 3.8966088e+00 0.0000000e+00
 4.1834764e+00 8.7686795e-01 1.1440493e+00 1.6645432e-01 1.5235627e+00
 1.9013960e+00 1.4195974e+00 0.0000000e+00 2.6596990e+00 1.8992441e+00
 2.1641474e+00 2.0266447e+00 0.0000000e+00 9.7917557e-02 1.3329864e+00
 9.3192482e-01 1.6453714e+00 1.3232546e+00 2.5008059e+00 3.4985416e+00
 6.6361852e+00 5.6860914e+00 3.5049126e+00 3.1505637e+00 4.2915020e+00
 4.3006630e+00 3.1069567e+00 6.0440164e+00 4.5495224e+00 7.0656252e+00
 3.1087961e+00 1.9511886e+00 3.4829268e+00 2.8457351e+00 2.9645004e+00
 2.3588605e+00 4.0271378e+00 4.5661020e+00 3.0634701e+00 3.8723235e+00
 3.9518118e-01 4.7736363e+00 0.0000000e+00 9.9243355e-01 5.1296520e-01
 3.0522571e+00 2.3554046e+00 2.5151119e+00 6.5615082e-01 3.7384019e+00
 6.7470890e-01 1.1159360e+00 8.2283282e-01 5.0654840e+00 3.5806689e+00
 4.1364651e+00 3.4673524e+00 4.4589748e+00 2.5016394e+00 3.3425646e+00
 1.9084377e+00 4.8611164e+00 3.6148930e+00 4.0030584e+00 4.0438738e+00
 4.6401978e+00 3.0978942e+00 4.1765079e+00 2.0490808e+00 4.9154463e+00
 3.4646397e+00 4.1393499e+00 3.2605095e+00 4.5644312e+00 2.3974838e+00
 4.1469898e+00 2.1505344e+00 4.3395805e+00 3.4040809e+00 4.2504735e+00
 3.0434363e+00 3.8187160e+00 2.5139956e+00 4.3313274e+00 2.4074605e+00
 5.3008342e+00 1.7110338e+00 1.4408395e+00 2.2275813e+00 2.6968269e+00
 1.1557508e+00 2.4043016e+00 1.8383451e+00 3.8631029e+00 1.7329800e+00
 1.5717266e+00 2.1001878e+00 2.9991345e+00 1.2927532e+00 1.8260360e+00
 1.4657383e+00 4.3293571e+00 2.3810380e+00 1.7064077e+00 1.7601266e+00
 2.7661781e+00 1.2191725e+00 1.8080763e+00 1.3376708e+00 2.9852853e+00
 2.0931053e+00 2.0233660e+00 1.6853495e+00 2.1124978e+00 1.9624480e+00
 1.9282271e+00 1.7153285e+00 2.9712362e+00 3.1180644e+00 0.0000000e+00
 2.5679286e+00 6.6676378e+00 3.9148142e+00 4.5242877e+00 2.9710121e+00
 5.6748981e+00 3.1273606e+00 0.0000000e+00 2.6375184e+00 6.3155389e+00
 3.8101816e+00 4.3472557e+00 2.7953887e+00 8.4826851e+00 1.7830520e+00
 3.3983066e+00 3.6796293e+00 3.9083524e+00 5.5232754e+00 2.4839172e+00
 4.8483286e+00 2.5971727e+00 3.7910862e+00 3.3979893e+00 3.0587819e+00
 3.8961430e+00 5.0437441e+00 2.2093709e+00 4.6150093e+00 3.4917068e+00
 2.7081280e+00 0.0000000e+00 2.2576070e+00 4.6798410e+00 4.9773040e+00
 4.4086466e+00 2.8118496e+00 5.7892981e+00 2.6845095e+00 0.0000000e+00
 2.1577330e+00 3.9448929e+00 3.9239092e+00 3.3975306e+00 2.4138613e+00
 6.8692284e+00]"
[Video Soundtrack] Opening - Bombing MissionFINAL FANTASY VII].mp3,[135.99917763],-1.1671278e-05,0.0,0.11359064,0.13053817,2.0502157,603476,0.012902834,2334.738817001377,"[-140.38686     85.54328    -11.626339    23.82487     -1.5673181
    9.515613     1.232689     8.121095    -1.1890924    0.7730048
   -1.2898837    3.4836297   -5.6411757]",0.10113179,"[0.27602765 0.27899462 0.41189426 0.34707013 0.49794605 0.31325412
 0.26475626 0.3115307  0.3059702  0.4132067  0.31173295 0.35206145]","[ 11.70285714  12.14403628  12.60843537  13.07283447  13.51401361
  13.95519274  14.39637188  14.83755102  15.30195011  15.74312925
  16.20752834  16.67192744  17.11310658  17.57750567  18.01868481
  18.4830839   18.92426304  19.38866213  19.82984127  20.27102041
  20.7354195   21.17659864  21.64099773  22.08217687  22.52335601
  22.9877551   23.42893424  23.84689342  24.26485261  24.68281179
  25.10077098  25.54195011  25.98312925  26.44752834  26.88870748
  27.32988662  27.79428571  28.23546485  28.69986395  29.14104308
  29.60544218  30.04662132  30.48780045  30.90575964  31.32371882
  31.741678    32.15963719  32.60081633  33.04199546  33.45995465
  33.85469388  34.27265306  34.7138322   35.15501134  35.61941043
  36.06058957  36.50176871  36.9661678   37.40734694  37.87174603
  38.31292517  38.75410431  39.2185034   39.65968254  40.07764172
  40.49560091  40.91356009  41.33151927  41.77269841  42.23709751
  42.67827664  43.11945578  43.56063492  44.02503401  44.46621315
  44.93061224  45.37179138  45.83619048  46.27736961  46.71854875
  47.18294785  47.62412698  48.06530612  48.52970522  48.97088435
  49.43528345  49.89968254  50.34086168  50.78204082  51.24643991
  51.68761905  52.12879819  52.59319728  53.03437642  53.49877551
  53.93995465  54.38113379  54.84553288  55.28671202  55.75111111
  56.19229025  56.63346939  57.09786848  57.53904762  58.00344671
  58.44462585  58.90902494  59.35020408  59.81460317  60.25578231
  60.72018141  61.16136054  61.60253968  62.04371882  62.50811791
  62.94929705  63.41369615  63.85487528  64.31927438  64.76045351
  65.20163265  65.66603175  66.10721088  66.57160998  67.01278912
  67.45396825  67.91836735  68.35954649  68.82394558  69.26512472
  69.70630385  70.17070295  70.63510204  71.07628118  71.51746032
  71.95863946  72.39981859  72.84099773  73.28217687  73.72335601
  74.14131519  74.58249433  75.04689342  75.48807256  75.9292517
  76.37043084  76.81160998  77.25278912  77.69396825  78.13514739
  78.57632653  79.01750567  79.45868481  79.89986395  80.36426304
  80.80544218  81.24662132  81.68780045  82.12897959  82.57015873
  83.01133787  83.45251701  83.89369615  84.33487528  84.77605442
  85.21723356  85.68163265  86.12281179  86.56399093  87.00517007
  87.44634921  87.88752834  88.32870748  88.76988662  89.21106576
  89.6522449   90.09342404  90.55782313  90.99900227  91.44018141
  91.88136054  92.32253968  92.76371882  93.20489796  93.6460771
  94.08725624  94.52843537  94.96961451  95.41079365  95.85197279
  96.29315193  96.73433107  97.1755102   97.61668934  98.08108844
  98.52226757  98.96344671  99.40462585  99.84580499 100.28698413
 100.72816327 101.1693424  101.61052154 102.05170068 102.51609977
 102.93405896 103.3752381  103.81641723 104.28081633 104.72199546
 105.1631746  105.60435374 106.04553288 106.48671202 106.92789116
 107.36907029 107.81024943 108.25142857 108.69260771 109.1570068
 109.59818594 110.03936508 110.48054422 110.92172336 111.36290249
 111.80408163 112.24526077 112.68643991 113.12761905 113.56879819
 114.00997732 114.45115646 114.8923356  115.33351474 115.79791383
 116.23909297 116.68027211 117.12145125 117.56263039 118.00380952
 118.44498866 118.8861678  119.32734694 119.76852608 120.23292517
 120.67410431 121.11528345 121.55646259 121.99764172 122.43882086
 122.88       123.32117914 123.76235828 124.20353741 124.64471655
 125.08589569 125.52707483 125.96825397 126.40943311 126.85061224
 127.29179138 127.73297052 128.17414966 128.6153288  129.05650794
 129.49768707 129.93886621 130.38004535 130.82122449 131.28562358
 131.72680272 132.16798186 132.609161   133.05034014 133.49151927
 133.93269841 134.37387755 134.83827664 135.27945578 135.72063492
 136.16181406 136.6029932  137.04417234 137.48535147 137.92653061
 138.36770975 138.80888889 139.25006803 139.69124717 140.1324263
 140.57360544 141.01478458 141.45596372 141.92036281 142.36154195
 142.80272109 143.24390023 143.68507937 144.1262585  144.56743764
 145.00861678 145.44979592 145.89097506 146.35537415 146.79655329
 147.23773243 147.67891156 148.1200907  148.56126984 149.00244898
 149.44362812 149.88480726 150.32598639 150.76716553 151.20834467
 151.67274376 152.1139229  152.55510204 152.99628118 153.43746032
 153.87863946 154.31981859 154.76099773 155.20217687 155.64335601
 156.08453515 156.52571429 156.96689342 157.40807256 157.8492517
 158.29043084 158.75482993 159.19600907 159.63718821 160.07836735
 160.51954649 160.96072562 161.40190476 161.8430839  162.28426304
 162.72544218 163.16662132 163.63102041 164.07219955 164.51337868
 164.95455782 165.39573696 165.8369161  166.27809524 166.71927438
 167.16045351 167.60163265 168.04281179 168.48399093 168.92517007
 169.36634921 169.80752834 170.27192744 170.71310658 171.15428571
 171.59546485 172.03664399 172.47782313 172.91900227 173.36018141
 173.80136054 174.24253968 174.68371882 175.12489796 175.58929705
 176.03047619 176.47165533 176.91283447 177.35401361 177.79519274
 178.23637188 178.67755102 179.11873016 179.5599093  180.00108844
 180.44226757 180.88344671 181.32462585 181.76580499 182.20698413
 182.67138322 183.11256236 183.5537415  183.99492063 184.43609977
 184.87727891 185.31845805 185.75963719 186.20081633 186.64199546
 187.0831746  187.5475737  187.98875283 188.40671202 188.84789116
 189.28907029 189.75346939 190.19464853 190.63582766 191.0770068
 191.51818594 191.95936508 192.40054422 192.84172336 193.28290249
 193.72408163 194.16526077 194.60643991 195.070839   195.51201814
 195.95319728 196.39437642 196.83555556 197.27673469 197.71791383
 198.15909297 198.60027211 199.04145125 199.48263039 199.92380952
 200.38820862 200.82938776 201.27056689 201.71174603 202.15292517
 202.59410431 203.03528345 203.47646259 203.91764172 204.38204082
 204.82321995 205.26439909 205.68235828 206.12353741 206.58793651
 207.02911565 207.47029478 207.91147392 208.35265306 208.7938322
 209.23501134 209.67619048 210.11736961 210.55854875 211.02294785
 211.46412698 211.90530612 212.34648526 212.7876644  213.22884354
 213.67002268 214.11120181 214.55238095 214.99356009 215.45795918
 215.89913832 216.31709751 216.75827664 217.19945578 217.64063492
 218.08181406 218.5229932  218.98739229 219.42857143 219.84653061
 220.31092971 220.75210884 221.19328798 221.63446712 222.07564626
 222.5168254  222.95800454]","[ 5.1281776   0.46111298  0.44791973  0.16073704  0.0736618   0.5198002
  0.38970947  0.10269547  0.          0.39299583  0.38381386  1.1222401
  0.32102728  0.2534752   1.6041269   2.8224602   1.8264751   2.480341
  2.7991781   2.817419    2.3578568   1.7565737   1.495769    1.470787
  6.6573057   0.98232126  4.7604322   0.          0.          0.
  1.9002056   2.361699    1.6268461   1.5294623   1.1433771   4.8788886
  0.33655167  3.4810996   2.1401472   1.4946012   1.731287    1.4380035
  0.83756495  0.          0.          0.          2.1913853   0.6344919
  2.1698225   0.          0.          0.9399686   1.88275     2.004187
  1.4257998   1.5008445   0.56850386  2.0595808   1.043734    2.1128697
  1.1985922   1.2943493   1.724627    0.80416536  0.          0.
  0.          0.607968    4.087113    0.1927836   0.7944913   0.38318688
  1.715025    1.631305    1.3876436   0.9413156   1.147357    1.0428467
  0.31157053  0.68586016  1.1220256   1.3437655   2.4043584   1.8020091
  3.5402372   1.3282492   1.093405    0.8768172   2.2538645   0.21867126
  0.          0.50899816  1.1933899   2.6138167   1.4446964   2.2440023
  1.8889303   1.6163505   1.4605083   0.45275235  2.5576944   0.59289956
  1.4359875   2.0593104   2.3100915   2.2556148   1.2002642   0.7422993
  1.1321795   0.82653236  0.80178165  0.16817296  0.55181897  1.1160483
  1.7743667   1.717529    1.9098955   1.6571293   1.2100914   0.87075996
  0.9140811   0.42953944  0.51282144  0.76778126  1.0189836   1.2840853
  1.7944584   0.69216204  0.5435962   0.79621816  0.76164275  0.47148514
  1.2095399   1.859235    2.01655     1.4387689   2.418181    1.8864503
  2.4343657   3.3416238   7.3647337   4.866191    5.501088    6.116337
  6.644929    6.856784    6.543395    4.097224    7.6205673   7.8212643
  7.0773773   7.782831    6.9822206   6.6311593   5.0283794   5.0549054
  5.9577527   5.749812    6.366377    7.3887696   9.125448    8.347748
  8.106675    3.8776884   3.7294629   3.6318421   2.4397864   2.3649352
  2.596052    3.1410468   2.643002    2.724341    6.203201    6.750242
  7.380494    8.120316    9.558429    4.1952095   1.0014262   3.2722037
  4.422223    1.802487    1.9353237   2.5398629   2.4121015   5.8164477
  6.4602537   4.4068494   7.650882    1.2505805   2.3261755   4.104454
  4.1792045   2.3453345   2.1215358   1.6538911   3.162278    4.1692805
  3.5740385   2.8163724   1.8762097   4.69316     3.0917788   2.2257123
  2.9389215   4.2365713   3.3241796   3.5290961   3.8787413   2.2146924
  2.3987832   1.8370476   1.6020222   4.724821    4.4644504   3.5523205
  1.9692628   3.8813984   2.6883106   1.7729316   4.3059883   1.0885514
  2.1909451   3.5984952   3.9295344   3.8416214   2.5890906   1.4579024
  2.0206013   3.637373    2.7870684   2.3788304   2.2093427   2.7731023
  1.8460361   2.1673055   3.9577532   2.6376958   2.8881848   3.4757776
  2.7785873   3.1622438   1.8651016   1.762747    2.5020194   2.188334
  2.0951052   2.112193    2.4169908   2.1632514   1.7066375   2.2409086
  5.406753    2.3465838   7.4798093   9.554174   11.04376    11.663677
 12.722584   14.016985   16.398195   12.612925   11.903101   13.400148
 15.603214   15.332938   14.990566   15.694404   17.571789    8.166737
  8.777408    8.530491   10.332304    9.199516   10.505558    9.365282
 10.234547    4.8504124   6.0736384   6.273391    7.3467155   6.602914
  8.034302    7.5295725   7.6490445   0.8060614   8.160244    4.092284
 10.990812    4.651512    9.661709    4.4626775   9.218388    5.851151
  8.313507    5.680728    9.4114275   6.2519293  10.405502    6.492425
  8.948732    0.53363585  5.0978003   3.0345058   5.1377654   3.4935982
  5.4781      4.8426523   4.6303983   1.1473732   5.4430313   2.29891
  6.6816797   2.371365    5.3944793   2.3827214   4.6645393   2.4165044
  4.934557    6.291233    6.982141    6.979309    7.7536125   7.3855276
  7.8848705   1.4139109   5.9449635   6.5665026   8.501501    4.0164375
  6.848538    4.460315    5.330187    5.48903     4.5910463   1.8817458
  3.1687064   2.1448271   2.367813    3.362562    6.349307    3.8610182
  2.9052215   1.8878365   2.8100781   3.1506963   3.5716803   3.6771111
  6.416175    6.199278    5.7794976   3.471002    8.84356     2.268474
  4.262889    2.8499618   8.861294    3.8176684   2.5683818   3.3842964
  4.442706    6.031205    5.639144    5.491665    6.868327    5.27816
  3.931243    1.3546152   2.2453399   1.59545     1.6928802   3.0213957
  4.622255    4.576028    3.3804348   1.5765378   3.4210517   3.1017213
  3.0112648   2.021233    7.3848934   2.9724598   6.6038504   3.6480405
  6.144596    3.051223    4.2949185   3.7331586   5.2524858   5.530181
  4.3287735   4.4007587   8.079262    6.8206844   4.08529     3.31775
  4.040488    1.3083377   7.566126    3.4645538   9.943427    4.4313965
  7.116624    6.227272    8.3738575   6.9491787   9.8577385   5.155838
 11.017592    5.8903503  11.019757    5.759269    7.373892    1.9029576
  5.098065    4.1399136   6.4504814   4.6542344   6.89378     4.183759
  5.110611    0.72513866  5.667553    1.9078574   5.411091    2.7396293
  4.813722    2.8926058   5.1294885   6.567747    4.521407    4.27592
  3.3900442   2.529029    1.9225849   2.2744799   2.1850555   8.721999
  3.1486115   2.884388    3.1562128   2.8756366   1.75265     2.1563601
  2.3143785   7.431598    4.945513    4.3333263   3.470951    2.3762522
  1.9808487   2.0293598   3.0344188   3.1053011   2.8324919   3.210896
  3.1772258   3.130637    2.7984033   2.02487     1.9017879   1.1980779
  4.0137634   8.202177    8.173932    7.8208237   5.7008047   3.1675327
  4.462845    5.630789    4.975659    5.595728    6.4308853   6.3386908
  6.4970055   4.509897    7.652749  ]"
